#OTU ID	ER0022	ER0029	ER0023	ER0006	ER0014	ER0009	ER0226	ER0225	ER0222	ER0019	ER0020	ER0050	ER0071	ER0033	ER0060	ER0061	ER0066	ER0068	ER0003	ER0039	ER0072	ER0013	ER0010	ER0057	ER0008	ER0059	ER0051	ER0049	ER0032	ER0047	ER0012	ER0018	ER0055	ER0016	ER0043	ER0040	ER0058	ER0004	ER0044	ER0054	ER0005	ER0063	ER0007	ER0062	ER0045	ER0046	ER0017	ER0065	ER0035	ER0113	ER0097	ER0081	ER0096	ER0098	ER0086	ER0087	ER0090	ER0075	ER0120	ER0080	ER0116	ER0085	ER0101	ER0078	ER0112	ER0084	ER0073	ER0100	ER0082	ER0095	ER0119	ER0105	ER0109	ER0114	ER0077	ER0118	ER0131	ER0171	ER0140	ER0144	ER0142	ER0167	ER0169	ER0168	ER0145	ER0147	ER0121	ER0170	ER0150	ER0133	ER0165	ER0166	ER0139	ER0148	ER0163	ER0146	ER0151	ER0123	ER0128	ER0138	ER0124	ER0159	ER0130	ER0152	ER0132	ER0181	ER0190	ER0176	ER0191	ER0180	ER0215	ER0208	ER0192	ER0194	ER0182	ER0196	ER0189	ER0206	ER0200	ER0203	ER0207	ER0213	ER0199	ER0195	ER0209	ER0210	ER0186	ER0185	ER0197	ER0211	ER0201	ER0220	ER0270	ER0280	ER0236	ER0251	ER0294	ER0278	ER0260	ER0277	ER0234	ER0279	ER0244	ER0271	ER0263	ER0238	ER0261	ER0249	ER0289	ER0243	ER0245	ER0275	ER0247	ER0237	ER0240	ER0241	ER0233	ER0272	ER0291	ER0266	ER0420	ER0348	ER0369	ER0474	ER0415	ER0510	ER0419	ER0344	ER0417	ER0358	ER0391	ER0410	ER0340	ER0491	ER0495	ER0173	ER0488	ER0381	ER0377	ER0380	ER0364	ER0460	ER0379	ER0490	ER0481	ER0324	ER0326	ER0325	ER0336	ER0323	ER0431-1A	ER0172	ER0024	ER0069	ER0030	ER0015	ER0002	ER0219	ER0021	ER0052	ER0042	ER0001	ER0031
k__Bacteria._.p__._.c__._.o__._.f__._.g__	0	1	0	0	0	0	0	0	63	0	0	0	0	0	0	0	0	0	1	0	0	0	0	2	0	1	0	14	0	0	0	517	0	6	5	0	1	1	5	0	0	2	0	67	0	2	8	5	0	1	0	0	0	0	21	0	0	1	0	0	7	1	1	0	0	3	4	3	0	0	6	6	0	0	5	0	21	0	1	0	0	0	38	0	0	0	0	0	0	1	0	0	0	0	0	0	0	0	0	0	0	0	0	0	0	0	0	0	0	0	0	0	0	0	0	0	0	0	0	0	0	0	0	1	0	0	0	0	0	0	0	0	10	2	0	0	6	0	4	29	2	0	0	1	4	0	0	0	0	0	0	1	0	0	1	0	4	3	0	0	0	0	0	0	0	0	0	0	0	0	0	0	0	5	16	0	0	0	0	9	0	1	63	0	0	0	0	112	9	0	0	0	0	0	0	0	0	0	0	0	0	0	0
k__Bacteria._.p__Actinobacteria._.c__Actinobacteria._.o__Actinomycetales._.f__Actinomycetaceae._.g__Actinomyces	0	0	0	0	0	0	0	0	0	0	0	0	0	0	1	0	0	0	0	0	1	1	0	0	0	0	0	0	0	4	0	3	0	0	0	0	0	0	0	0	0	21	0	0	0	0	1	0	0	0	0	0	0	0	4	0	0	0	0	0	0	0	0	0	2	4	1	1	0	0	0	0	0	0	0	1	0	0	0	0	0	0	0	0	0	0	0	0	0	0	0	0	0	1	0	0	1	0	0	0	0	0	0	0	0	0	0	0	1	0	0	1	0	126	0	0	1	0	0	0	0	0	0	0	4	0	0	0	0	0	0	1	0	0	0	0	0	0	0	0	0	0	0	0	0	0	0	0	2	0	0	0	0	2	0	0	0	0	1	1	0	0	1	1	0	1	7	0	0	1	0	1	0	0	0	0	0	0	0	0	0	1	0	0	1	0	0	0	0	0	0	0	0	0	0	0	0	0	0	0	0	0	0
k__Bacteria._.p__Actinobacteria._.c__Actinobacteria._.o__Actinomycetales._.f__Micrococcaceae._.g__Rothia	0	0	0	0	0	0	0	0	0	0	0	0	0	0	1	0	0	0	0	0	0	0	0	0	0	0	0	0	0	0	0	0	0	0	0	0	0	0	0	0	0	1	0	0	0	0	0	0	0	0	0	0	0	0	0	0	0	0	0	0	0	0	0	0	0	0	0	0	0	0	0	0	0	0	0	0	0	0	0	0	0	0	0	0	0	0	0	0	0	0	0	0	0	0	0	0	0	0	0	0	0	0	0	0	0	0	0	0	0	0	0	0	0	34	0	0	0	0	0	0	0	0	0	0	1	0	0	0	0	0	0	0	0	0	0	0	0	0	0	0	0	0	0	0	0	0	0	0	0	0	0	0	0	0	0	0	0	0	0	0	0	0	0	0	0	0	0	0	0	0	0	0	0	0	0	0	0	0	0	0	0	0	0	0	0	0	0	0	0	0	0	0	0	0	0	0	0	0	0	0	0	0	0
k__Bacteria._.p__Actinobacteria._.c__Actinobacteria._.o__Actinomycetales._.f__Propionibacteriaceae._.g__Propionibacterium	1	0	0	0	0	0	0	0	0	0	0	31	0	0	0	0	0	0	0	0	0	0	0	0	0	0	0	0	0	0	0	0	0	0	0	0	0	1	0	0	0	0	0	0	0	0	0	0	0	0	0	0	0	0	0	0	0	0	0	0	0	0	0	0	0	0	0	0	0	0	0	0	0	0	0	0	0	0	0	0	0	0	0	0	0	0	0	0	0	0	0	0	0	37	0	0	0	0	0	0	0	0	0	0	0	0	0	0	0	0	0	0	0	0	0	0	0	0	66	0	0	0	0	0	0	0	0	0	0	0	0	0	0	0	0	0	0	0	0	0	0	0	0	0	0	0	0	0	0	0	0	0	0	0	0	0	0	0	0	0	0	0	0	0	0	0	0	0	0	0	0	0	0	0	1	0	0	0	0	0	0	0	0	0	0	0	0	0	0	0	0	0	0	0	0	0	0	0	0	0	0	0	0
k__Bacteria._.p__Actinobacteria._.c__Actinobacteria._.o__Bifidobacteriales._.f__Bifidobacteriaceae._.g__Bifidobacterium	0	0	0	0	0	0	0	7	0	0	7	0	0	0	59	0	0	5	2	0	0	0	2	6	2	0	0	1	0	0	1	3	0	0	0	0	7	3	2	0	0	0	8	0	1	9	26	3	6	0	0	0	29	0	1	0	0	0	0	16	0	4	0	0	0	0	0	0	0	0	0	2	2	28	0	0	1	0	0	0	0	0	0	0	0	0	0	0	0	0	0	0	0	0	0	0	7	0	6	0	0	0	13	1	2	11	16	2	0	63	0	1	2	5	27	0	0	3	0	0	0	5	0	0	272	0	2	0	0	0	5	14	9	2	0	0	0	6	0	1	0	0	12	7	0	7	5	1	0	0	0	0	0	2	0	0	0	0	5	0	5	0	0	0	7	36	0	2	1	0	0	0	2	0	0	0	2	5	0	0	0	0	6	0	0	3	0	1	0	3	0	2	0	0	0	0	3	6	0	1	0	0	0
k__Bacteria._.p__Actinobacteria._.c__Actinobacteria._.o__Coriobacteriales._.f__Coriobacteriaceae._.g__	0	0	0	0	0	0	0	0	0	0	0	0	0	0	0	0	0	0	4	0	0	0	0	0	0	0	0	1	0	0	0	0	0	0	0	0	0	0	0	0	0	0	0	0	1	0	0	0	0	0	0	0	0	0	0	0	0	0	0	0	0	0	0	0	0	0	0	0	0	0	0	0	0	0	0	0	0	0	0	0	0	0	0	0	0	0	0	0	0	0	0	0	0	0	0	0	0	0	16	0	0	0	1	0	0	0	0	0	0	0	0	2	1	0	0	0	0	0	0	0	0	0	0	0	0	0	0	0	0	0	0	1	0	1	0	0	2	3	0	0	0	0	0	3	0	0	7	1	1	0	1	0	0	0	1	0	0	0	0	0	0	0	3	0	0	0	0	0	0	1	0	0	0	0	0	0	0	0	0	1	0	0	0	0	0	1	3	2	2	0	0	0	0	0	0	0	0	0	0	0	0	0	0
k__Bacteria._.p__Actinobacteria._.c__Actinobacteria._.o__Coriobacteriales._.f__Coriobacteriaceae._.g__Adlercreutzia	0	0	0	0	0	0	0	0	0	0	0	0	0	0	0	0	0	0	0	0	0	0	0	0	0	0	0	0	0	0	0	0	0	0	0	0	0	0	0	0	0	0	0	0	0	0	0	0	0	0	0	0	0	0	0	0	0	0	0	0	0	0	0	0	0	0	0	0	0	1	0	0	0	0	0	0	0	0	0	0	0	0	0	0	0	0	0	0	0	0	0	0	0	0	0	0	0	0	0	0	0	0	0	0	0	0	1	0	0	0	0	0	0	0	0	0	0	0	0	0	0	1	1	1	0	0	0	0	0	0	3	0	2	0	0	0	0	0	0	1	0	0	0	0	0	0	0	1	1	0	0	0	0	1	0	2	0	0	0	0	0	0	0	0	0	0	0	0	0	0	0	0	0	0	0	0	0	0	0	0	0	0	0	0	0	0	0	0	0	0	0	0	0	0	0	0	0	0	0	0	0	0	0
k__Bacteria._.p__Actinobacteria._.c__Actinobacteria._.o__Coriobacteriales._.f__Coriobacteriaceae._.g__Atopobium	0	0	4	0	0	0	0	0	0	0	0	0	0	0	0	0	0	2	0	0	0	0	0	0	0	0	0	0	0	0	0	1	0	0	0	0	0	0	0	0	0	9	0	1	1	0	0	0	0	0	0	0	0	0	0	1	0	0	0	0	0	0	0	0	0	0	1	0	0	0	0	1	0	0	0	0	0	0	0	0	0	0	0	0	0	0	0	0	0	0	0	0	0	0	0	0	0	0	0	0	0	0	0	0	0	0	2	0	0	0	0	0	0	75	0	0	0	0	0	0	0	0	0	0	0	0	0	0	0	0	0	0	0	0	1	0	0	1	0	0	0	0	0	0	0	0	0	0	1	0	0	0	0	0	0	0	0	0	0	0	0	0	0	0	0	0	0	0	2	0	0	0	0	0	0	0	0	1	0	1	0	0	0	0	1	0	0	0	0	0	0	0	0	0	0	1	0	0	0	0	0	0	0
k__Bacteria._.p__Actinobacteria._.c__Actinobacteria._.o__Coriobacteriales._.f__Coriobacteriaceae._.g__Collinsella	0	0	20	0	0	2	3	3	1	0	6	389	1	1	4	0	0	2	1	0	9	7	2	0	3	0	0	4	6	1	2	4	0	1	0	0	0	0	157	0	0	0	0	0	4	0	0	1	3	0	0	0	0	0	5	1	0	0	6	0	0	0	0	0	0	0	0	5	2	0	0	1	0	0	0	0	0	0	0	0	0	0	0	0	0	4	0	1	0	0	0	6	0	357	3	0	0	0	5	0	0	1	32	6	8	3	8	0	1	0	0	10	9	1	24	0	0	0	636	1	0	0	0	23	0	0	0	0	0	0	2	0	0	3	0	0	5	0	1	0	0	0	0	1	0	3	0	1	4	12	3	1	0	0	63	28	0	0	13	0	0	0	0	8	4	5	2	1	0	1	1	2	0	0	0	0	40	0	1	0	17	0	0	0	4	13	3	1	3	1	0	0	0	0	0	0	0	0	0	1	0	2	0
k__Bacteria._.p__Actinobacteria._.c__Actinobacteria._.o__Coriobacteriales._.f__Coriobacteriaceae._.g__Eggerthella	0	2	0	0	0	0	0	0	0	0	0	0	2	0	0	0	0	1	0	0	1	0	1	0	0	1	0	0	0	0	0	0	0	0	0	1	0	0	1	0	0	0	0	0	3	5	0	0	1	0	0	0	0	0	1	0	0	0	1	0	0	0	1	0	0	4	0	0	0	0	1	0	0	0	0	0	1	0	0	0	0	3	0	0	0	0	0	0	1	0	0	0	0	0	2	1	3	0	1	0	6	0	1	0	1	0	0	0	0	2	0	0	1	0	7	0	2	0	0	0	0	0	1	1	0	0	0	0	0	0	1	1	2	0	2	0	0	0	0	0	0	0	3	0	2	0	0	1	0	0	0	0	0	2	0	0	0	0	0	2	1	0	0	0	2	0	0	1	0	1	0	0	0	0	3	0	0	0	0	0	3	1	1	6	0	0	0	0	1	0	1	0	0	0	0	0	0	2	0	0	0	2	0
k__Bacteria._.p__Actinobacteria._.c__Actinobacteria._.o__Coriobacteriales._.f__Coriobacteriaceae._.g__Enterorhabdus	0	0	0	2	0	1	0	0	0	0	0	0	0	0	0	0	0	0	0	0	0	0	0	0	0	0	0	0	0	0	0	0	0	0	0	0	0	0	0	0	0	0	0	0	0	0	0	0	0	0	0	0	0	0	0	0	0	0	0	0	0	0	0	0	0	0	0	0	0	0	0	0	0	0	0	0	0	0	0	0	0	0	0	0	0	0	0	0	0	0	0	0	0	0	0	0	0	0	0	0	0	0	0	0	0	0	0	0	0	0	0	0	0	0	0	0	0	0	0	0	0	0	0	0	0	0	0	0	0	0	0	0	0	0	0	0	0	0	1	0	0	0	0	0	0	1	3	0	0	0	1	0	0	0	3	2	0	0	0	0	0	0	0	0	0	0	0	0	0	0	0	0	0	0	0	0	0	0	0	0	0	0	0	0	0	0	0	0	3	0	0	0	0	0	0	0	0	0	0	0	0	0	0
k__Bacteria._.p__Actinobacteria._.c__Actinobacteria._.o__Coriobacteriales._.f__Coriobacteriaceae._.g__Gordonibacter	0	0	0	0	0	0	0	0	0	0	0	0	0	0	0	0	0	0	0	0	0	0	0	0	0	0	0	0	0	0	0	0	0	0	0	0	0	0	0	0	0	0	0	0	0	0	0	0	0	0	0	0	0	0	0	0	0	0	0	0	0	0	0	0	0	0	0	0	0	0	0	0	0	0	0	0	0	0	0	0	0	0	0	0	0	0	0	0	0	0	0	0	0	0	1	0	0	0	3	0	0	1	3	1	0	0	0	0	0	0	0	0	0	0	1	0	0	0	0	0	0	0	0	0	0	0	0	0	0	0	0	0	0	0	0	0	0	0	0	0	0	0	0	0	0	0	0	0	0	0	0	0	0	0	0	0	0	0	0	0	0	0	0	0	0	0	0	0	0	0	0	0	0	0	0	0	0	0	0	0	0	0	0	0	0	0	0	0	0	0	0	0	0	0	0	0	0	0	0	0	0	0	0
k__Bacteria._.p__Actinobacteria._.c__Actinobacteria._.o__Coriobacteriales._.f__Coriobacteriaceae._.g__Slackia	0	0	8	0	0	1	0	0	0	0	0	0	0	0	0	0	0	0	0	0	0	0	0	0	0	0	0	0	0	0	0	0	0	0	0	0	0	0	0	0	0	0	0	0	0	0	0	0	0	0	0	0	0	0	0	0	0	0	0	0	0	0	2	0	0	0	0	0	0	0	0	0	0	0	0	0	0	0	0	0	0	0	0	0	0	1	0	0	0	3	0	0	0	1	0	0	0	0	0	0	0	0	0	0	0	0	6	0	0	0	0	0	0	1	0	0	0	0	0	0	0	0	0	0	0	0	0	0	0	0	0	0	0	0	0	0	0	0	0	0	0	0	0	0	0	3	1	0	0	8	10	4	0	0	5	0	0	0	0	0	0	0	0	0	0	0	0	0	0	0	0	0	0	0	0	0	0	0	0	0	0	0	0	0	0	0	0	0	0	0	0	0	0	0	0	0	0	0	0	0	0	0	0
k__Bacteria._.p__Bacteroidetes._.c__._.o__._.f__._.g__	0	0	0	589	0	0	0	0	0	0	0	0	0	0	0	0	0	1	1	0	0	0	0	3	0	0	7	0	0	0	0	12	0	3	3	0	0	88	6	0	0	0	0	0	0	0	3	0	0	0	0	0	0	0	0	0	0	0	0	0	0	0	0	0	0	0	0	0	0	93	0	0	0	0	0	1	0	0	0	0	0	0	0	0	0	0	0	0	0	0	0	0	0	0	0	0	0	0	0	0	0	0	0	0	0	0	0	0	0	0	0	0	0	0	0	0	0	0	0	0	0	0	0	18	0	4	0	0	0	0	0	0	2	0	0	0	0	0	0	0	0	0	0	0	1	2	2	0	1	1	107	1	0	2	218	1	0	0	4	0	0	0	0	0	0	0	19	9	0	0	0	3	0	1	0	0	0	2	0	0	0	2	5	0	0	0	2	1	0	1	0	0	0	0	0	0	0	0	0	0	0	0	0
k__Bacteria._.p__Bacteroidetes._.c__Bacteroidia._.o__Bacteroidales._.f__._.g__	0	5	1	0	0	0	0	0	0	0	0	3	5	1	3	0	0	5	2	4	4	10	1	4	5	2	6	1	9	7	6	0	0	3	0	3	0	0	1	0	0	0	3	0	0	0	0	1	0	0	0	0	0	3	0	1	0	0	1	0	0	7	0	0	0	0	0	0	0	1	0	0	0	0	1	1	4	0	11	0	7	7	14	3	1	7	4	1	2	3	11	0	0	0	5	4	0	0	0	0	0	0	0	0	0	0	0	0	0	1	1	0	0	0	0	0	0	0	0	0	0	0	3	0	1	7	1	0	1	6	0	1	0	0	2	0	7	2	2	3	4	2	0	3	0	2	1	1	0	0	1	5	0	1	0	0	8	0	0	0	5	7	5	2	10	1	3	5	15	11	1	4	5	0	2	0	1	0	1	3	9	1	0	1	0	0	0	2	0	1	2	2	2	0	4	0	1	0	1	1	3	3	3
k__Bacteria._.p__Bacteroidetes._.c__Bacteroidia._.o__Bacteroidales._.f__Bacteroidaceae._.g__Bacteroides	3	905	380	226	1821	1207	1251	1163	1278	1542	286	421	548	1271	709	553	1	261	527	1052	1060	971	1318	881	728	286	1208	764	480	1288	1031	363	1744	720	1225	984	1012	87	663	61	872	23	1345	871	659	1346	247	509	1802	523	36	990	609	888	154	742	1071	572	496	1115	932	640	1152	633	1110	765	554	1408	764	1183	681	955	1268	1164	1489	1632	717	765	576	94	632	1020	794	413	736	219	265	1424	1129	772	1151	1365	710	664	946	897	1377	1048	1052	1160	1228	1510	793	1491	429	1077	751	665	850	1333	1537	250	453	52	504	824	987	358	157	863	147	260	1522	68	12	380	978	175	4	1149	1109	941	1020	827	1003	485	412	815	270	296	431	851	1260	1014	1162	351	147	883	1071	988	738	1224	662	1086	281	387	1144	668	1155	1524	706	783	948	981	1091	149	347	1137	908	1153	579	665	782	668	279	3	495	518	792	970	1141	814	440	1107	283	352	660	390	495	477	1056	1061	608	10	639	4	1258	510	390	83	977	682	1178
k__Bacteria._.p__Bacteroidetes._.c__Bacteroidia._.o__Bacteroidales._.f__Porphyromonadaceae._.g__	0	0	0	0	0	0	0	0	0	0	0	0	0	0	0	0	0	0	0	0	0	0	0	0	0	0	0	0	0	0	0	0	0	0	0	0	0	8	0	0	0	0	0	0	0	0	0	0	0	0	0	0	0	0	0	0	0	0	0	0	0	0	0	0	0	0	0	0	0	0	0	0	0	0	0	0	0	0	0	0	0	0	0	0	0	0	0	0	0	0	0	0	0	0	0	0	0	0	0	0	0	0	0	0	0	0	0	0	0	0	0	0	0	0	0	0	0	0	0	0	0	0	0	0	0	0	0	0	0	0	0	0	0	0	0	0	0	0	0	0	0	0	0	0	0	0	0	0	0	0	0	0	0	0	0	0	0	0	0	0	0	0	2	0	0	0	0	0	0	0	0	0	0	0	0	0	0	0	1	0	0	144	0	4	0	2	26	3	0	0	3	0	0	0	0	0	0	0	0	0	0	0	0
k__Bacteria._.p__Bacteroidetes._.c__Bacteroidia._.o__Bacteroidales._.f__Porphyromonadaceae._.g__Barnesiella	0	0	0	0	0	10	0	0	0	0	0	0	90	0	0	0	0	2	0	0	0	0	0	0	1	6	0	36	9	3	0	7	0	0	0	0	0	0	0	0	0	0	0	14	0	0	0	0	0	0	0	0	0	0	33	0	0	0	96	0	6	0	0	56	0	0	0	21	3	0	0	0	0	10	0	0	0	0	0	1	0	0	0	0	0	19	0	0	0	0	0	0	27	0	6	0	0	58	18	1	12	0	49	7	4	14	40	0	0	2	1	0	25	0	0	0	20	0	0	1	0	7	0	13	3	0	0	1	0	0	0	5	35	7	0	0	19	11	6	140	0	0	55	43	0	169	2	5	18	0	30	6	0	0	9	77	1	0	0	0	3	0	0	3	0	1	4	7	0	33	0	2	0	3	0	0	5	39	12	12	0	1	73	0	0	61	90	17	57	30	0	0	0	0	0	0	0	6	28	11	0	0	0
k__Bacteria._.p__Bacteroidetes._.c__Bacteroidia._.o__Bacteroidales._.f__Porphyromonadaceae._.g__Butyricimonas	0	0	0	3	0	1	0	0	0	0	0	0	15	0	0	0	0	0	2	0	0	0	0	18	0	13	0	22	0	0	1	6	5	1	0	0	0	0	0	0	0	0	0	3	0	0	0	0	0	0	0	0	0	0	2	0	0	0	33	0	0	0	0	0	1	4	0	11	1	0	0	0	0	0	0	0	0	0	0	0	0	0	0	0	0	4	3	0	0	0	0	0	4	5	4	0	0	0	0	0	0	4	1	10	0	12	0	0	0	0	6	0	0	0	0	0	0	1	0	0	8	0	0	2	0	16	0	0	0	0	0	17	0	5	0	0	76	0	2	6	0	0	3	10	0	6	1	4	3	0	15	0	0	33	14	19	0	6	1	0	1	0	0	0	0	5	23	1	0	10	4	1	0	2	0	0	0	14	9	9	0	0	16	6	11	6	24	8	19	5	0	0	0	0	0	0	0	8	14	1	0	5	0
k__Bacteria._.p__Bacteroidetes._.c__Bacteroidia._.o__Bacteroidales._.f__Porphyromonadaceae._.g__Odoribacter	0	33	0	0	0	2	0	2	12	4	0	0	0	35	0	0	0	0	0	1	0	0	0	2	0	52	0	73	0	0	2	3	23	0	0	17	0	0	0	0	4	0	0	6	37	0	0	15	0	0	0	0	0	0	21	11	0	0	72	0	0	0	4	24	0	0	0	25	0	43	0	0	0	11	0	0	11	0	0	0	6	0	41	0	63	0	5	0	1	51	0	12	8	6	15	6	0	0	0	0	19	1	11	21	0	13	7	0	22	0	0	18	2	1	0	3	0	0	0	2	5	1	0	7	0	3	0	0	0	0	0	0	0	7	0	0	9	0	5	4	0	0	15	14	0	5	3	9	20	0	26	5	0	0	52	14	1	6	0	0	3	0	0	0	0	0	4	24	0	3	5	41	1	0	0	0	0	22	0	34	0	1	20	0	1	25	6	26	53	31	0	0	0	0	0	0	0	19	19	4	0	37	0
k__Bacteria._.p__Bacteroidetes._.c__Bacteroidia._.o__Bacteroidales._.f__Porphyromonadaceae._.g__Parabacteroides	0	13	5	171	0	12	24	126	63	0	0	0	87	65	0	3	0	530	271	78	31	10	0	29	0	112	56	26	561	16	58	50	67	43	169	121	0	20	276	8	130	5	121	40	1	0	203	44	0	88	2	0	0	73	11	29	0	0	40	77	89	5	125	64	50	7	0	35	75	135	219	8	373	125	2	0	158	23	20	0	32	7	93	5	228	6	87	8	1	39	0	153	97	21	83	71	246	21	100	300	76	66	261	95	52	103	132	676	95	35	0	18	181	0	176	32	242	22	15	59	41	188	15	7	2	118	111	0	0	0	0	122	97	20	255	2	22	42	63	67	51	55	123	99	2	47	10	126	189	117	76	106	84	77	96	194	16	36	170	0	115	121	194	39	0	19	13	114	259	65	44	167	1	150	0	0	18	44	45	108	99	1	103	406	111	105	61	90	62	145	231	14	57	1	17	0	135	35	43	20	0	35	27
k__Bacteria._.p__Bacteroidetes._.c__Bacteroidia._.o__Bacteroidales._.f__Porphyromonadaceae._.g__Porphyromonas	0	0	0	0	0	0	0	0	0	0	0	0	0	0	0	0	0	0	0	0	0	0	0	0	0	0	0	0	0	0	1	12	0	0	0	0	0	0	0	0	0	1	0	0	0	1	0	0	0	0	0	0	0	0	0	0	0	0	0	0	0	0	0	0	0	0	0	0	0	0	0	0	0	0	0	0	0	0	0	0	0	0	0	0	0	0	0	0	0	0	0	0	0	0	0	0	0	0	0	0	0	0	0	0	0	0	0	0	0	0	0	0	0	2	0	0	0	0	0	0	0	0	0	0	0	0	0	0	0	0	0	0	0	0	0	0	0	0	0	0	0	0	0	0	0	0	0	0	0	0	0	0	0	0	0	0	0	0	0	0	0	0	0	0	0	0	0	0	1	0	0	0	0	0	0	0	0	0	0	0	0	0	0	0	0	0	0	0	0	0	0	0	0	0	0	0	0	0	0	0	0	0	0
k__Bacteria._.p__Bacteroidetes._.c__Bacteroidia._.o__Bacteroidales._.f__Porphyromonadaceae._.g__Tannerella	0	0	0	0	0	0	0	0	0	0	0	0	0	0	0	0	0	0	6	0	0	0	0	0	0	0	0	0	0	0	0	1	0	0	0	0	0	1	0	0	0	0	0	0	0	0	0	0	0	0	0	0	0	0	0	0	0	0	0	0	0	0	0	0	0	0	0	0	0	0	0	0	0	0	0	0	0	0	0	0	0	0	0	0	0	0	0	0	0	0	0	0	0	0	0	0	0	0	0	0	0	0	0	0	0	0	0	0	0	0	0	0	0	0	0	0	0	0	0	0	0	0	0	0	0	0	0	0	0	0	0	0	0	0	0	0	0	0	0	0	0	0	0	0	0	0	0	0	0	0	0	0	0	0	0	0	0	0	0	0	0	0	0	0	0	0	0	0	0	0	0	0	0	0	0	0	0	0	0	0	0	0	0	0	0	0	0	0	0	0	0	0	0	0	0	0	0	0	0	0	0	0	0
k__Bacteria._.p__Bacteroidetes._.c__Bacteroidia._.o__Bacteroidales._.f__Prevotellaceae._.g__	0	0	0	0	0	0	0	0	0	0	0	0	0	0	0	0	0	0	0	0	0	0	0	0	0	0	0	0	0	0	0	1	0	0	0	0	0	15	0	0	0	2	0	0	0	0	0	0	0	0	0	0	0	0	0	0	0	0	0	0	0	0	0	0	0	0	0	2	0	0	0	0	0	0	0	0	0	0	0	0	0	0	0	0	0	0	0	0	0	0	0	0	0	0	0	0	0	0	0	0	0	0	0	0	0	2	0	0	1	0	0	0	0	0	0	0	0	3	0	2	1	0	0	4	0	0	0	0	0	0	3	0	0	0	0	0	0	0	0	0	0	0	0	0	0	18	0	0	0	0	0	0	0	0	0	2	0	0	0	0	0	0	0	0	0	0	1	0	0	0	0	0	0	0	0	0	0	0	0	0	0	0	0	0	0	0	0	0	0	0	0	0	0	0	0	0	0	0	13	0	0	0	0
k__Bacteria._.p__Bacteroidetes._.c__Bacteroidia._.o__Bacteroidales._.f__Prevotellaceae._.g__Alloprevotella	0	0	0	0	0	0	0	0	35	0	0	0	0	0	0	0	0	0	228	0	0	0	0	0	0	59	0	0	0	0	0	0	0	0	0	0	0	3	0	0	0	0	0	0	0	0	0	0	0	0	0	0	0	0	0	0	0	0	0	0	0	0	0	0	0	0	0	0	0	0	0	0	0	0	0	0	0	0	0	0	0	0	0	0	0	86	77	0	0	0	0	0	0	0	0	0	0	0	0	0	0	0	0	0	0	0	0	0	0	0	0	0	0	6	0	0	0	0	0	0	0	0	0	114	0	18	0	0	0	0	0	0	0	0	0	0	0	0	0	0	0	0	0	0	0	93	0	0	0	0	0	0	0	0	0	0	0	0	0	0	0	0	0	0	0	16	43	0	0	0	2	0	0	0	0	0	0	0	0	0	0	0	0	0	0	0	0	0	0	0	0	0	0	0	0	0	0	0	0	0	0	0	0
k__Bacteria._.p__Bacteroidetes._.c__Bacteroidia._.o__Bacteroidales._.f__Prevotellaceae._.g__Paraprevotella	0	0	0	0	0	0	0	0	0	0	0	0	0	0	0	0	0	0	3	0	0	0	0	0	0	0	0	6	0	0	0	1	0	0	0	0	0	0	0	0	78	0	0	0	0	0	0	1	0	0	0	0	0	0	0	0	0	0	0	0	0	4	0	37	0	0	0	0	0	0	0	0	0	0	0	0	0	0	0	0	0	0	0	0	0	12	11	0	0	0	0	0	0	0	0	0	0	0	0	0	0	0	0	0	0	0	26	0	0	0	0	0	0	1	0	0	0	0	0	0	0	0	0	18	0	1	0	0	0	0	0	0	0	0	0	0	0	0	0	0	0	0	23	0	0	36	1	0	0	15	8	0	0	0	8	23	0	0	0	0	0	0	0	0	0	0	0	1	0	0	0	2	0	0	0	0	0	0	0	0	83	0	0	0	0	115	0	13	43	13	65	18	0	0	0	0	0	0	5	2	0	0	0
k__Bacteria._.p__Bacteroidetes._.c__Bacteroidia._.o__Bacteroidales._.f__Prevotellaceae._.g__Prevotella	0	0	613	385	0	0	0	0	0	0	1	0	0	0	611	0	0	0	39	0	0	0	0	0	1	514	1	1	0	0	33	65	0	0	0	0	324	8	0	1	1	5	0	0	0	0	0	223	0	0	0	0	0	0	0	0	0	0	13	0	0	0	391	0	0	0	0	0	22	0	0	10	0	0	0	0	1	0	6	0	5	0	0	0	0	273	324	0	8	0	0	0	0	0	0	0	0	1	0	0	0	4	0	0	158	0	0	0	0	0	0	181	297	11	0	0	0	0	0	19	40	644	0	209	0	21	0	0	0	0	0	67	0	0	265	2	1	0	325	0	0	0	0	0	0	44	3	0	0	51	77	1	0	1	8	4	10	0	0	0	0	0	0	4	0	155	305	10	8	0	3	307	239	35	0	0	0	4	95	0	0	1	0	0	13	297	0	341	0	383	0	0	0	3	0	0	0	989	200	30	0	68	0
k__Bacteria._.p__Bacteroidetes._.c__Bacteroidia._.o__Bacteroidales._.f__Rikenellaceae._.g__	0	0	0	0	0	0	0	0	0	0	0	0	0	0	0	0	0	0	0	0	0	0	0	0	0	0	0	0	0	0	0	0	0	0	0	0	0	0	0	0	0	0	0	0	0	0	0	0	0	0	0	0	0	0	0	0	0	0	0	0	0	0	0	0	0	0	0	0	0	0	0	0	0	0	0	0	0	0	0	0	0	0	0	0	0	0	0	0	0	0	0	0	0	0	0	0	0	0	0	0	0	0	0	0	0	0	0	0	0	0	0	0	0	0	0	0	0	0	0	0	0	0	0	0	0	0	0	0	0	0	0	0	0	0	0	0	0	0	0	0	0	0	0	0	0	0	0	0	0	0	0	0	0	0	0	0	0	0	0	0	0	0	0	0	0	0	0	0	0	0	0	0	0	0	0	0	0	0	0	0	0	0	0	0	0	1	0	0	0	0	1	0	0	0	0	0	0	0	0	0	0	0	0
k__Bacteria._.p__Bacteroidetes._.c__Bacteroidia._.o__Bacteroidales._.f__Rikenellaceae._.g__Alistipes	0	17	1	58	0	42	0	205	62	8	1	0	56	105	0	1	0	0	21	2	2	5	6	52	2	6	0	137	14	5	23	14	23	0	23	25	0	12	0	1	74	0	0	73	615	42	91	10	2	3	0	0	0	3	24	39	0	0	204	0	6	0	0	613	1	22	0	37	16	27	33	0	5	122	0	1	16	1	0	0	51	15	107	0	16	11	0	5	0	9	0	6	42	3	281	31	26	4	261	85	13	0	163	56	6	82	261	50	315	44	8	51	65	2	207	1	188	0	0	3	43	1	0	0	0	9	4	0	0	0	64	88	35	11	13	0	92	36	36	88	1	13	87	178	0	64	17	38	209	133	57	73	6	256	33	26	0	20	198	0	4	0	38	3	36	2	0	7	5	28	28	64	86	47	67	0	6	105	21	188	231	19	196	120	14	90	273	107	236	71	32	6	0	1	0	0	58	14	74	12	0	20	0
k__Bacteria._.p__Firmicutes._.c__._.o__._.f__._.g__	0	0	0	8	0	1	0	1	5	0	0	0	0	0	0	0	0	0	0	0	0	0	0	0	0	0	0	10	0	1	2	0	0	0	0	0	0	2	0	0	0	0	0	8	32	0	0	1	0	0	0	0	0	0	6	1	0	0	5	0	0	0	0	1	0	0	0	0	0	0	0	0	0	0	0	0	0	0	0	0	0	0	1	0	0	15	0	0	0	0	0	0	5	0	3	0	0	6	0	0	0	0	2	0	0	0	0	0	0	0	0	13	0	0	0	0	2	1	0	0	0	0	0	7	0	0	0	0	0	0	0	0	1	1	0	0	1	27	12	3	0	0	0	3	0	15	46	0	7	11	6	0	0	0	24	0	0	0	1	0	0	0	0	3	1	0	1	1	0	1	0	1	0	0	0	0	6	4	8	0	0	0	2	1	0	4	0	35	48	5	1	0	0	0	0	0	0	0	0	2	0	0	0
k__Bacteria._.p__Firmicutes._.c__Bacilli._.o__Bacillales._.f__._.g__	0	0	0	0	0	0	0	0	0	0	0	0	0	0	0	0	0	0	0	0	0	0	0	0	1	0	0	0	0	2	0	0	0	0	0	0	0	0	0	0	0	0	0	0	0	0	0	0	0	0	0	0	0	0	0	0	0	0	0	0	0	1	0	0	0	0	0	0	0	0	0	0	0	0	0	0	1	0	1	0	0	0	0	0	0	0	4	0	0	1	0	0	0	0	0	0	0	0	0	0	0	0	0	0	0	0	0	0	0	0	0	0	0	0	0	0	0	0	0	0	0	0	0	0	0	0	0	0	0	0	0	0	0	0	0	0	0	0	0	0	0	0	0	0	0	0	0	0	0	0	0	0	0	0	0	0	0	0	0	0	0	0	0	0	0	0	0	0	0	0	0	0	0	0	0	0	0	0	0	0	0	0	0	0	0	0	0	0	0	0	0	0	0	0	0	0	0	0	0	0	0	0	0
k__Bacteria._.p__Firmicutes._.c__Bacilli._.o__Bacillales._.f__Bacillales_Incertae_Sedis_XI._.g__Gemella	0	0	0	1	0	0	0	0	0	0	0	0	0	0	0	0	0	0	0	0	0	0	0	0	0	0	0	1	0	5	0	5	0	0	0	0	0	61	0	0	0	11	0	0	0	2	0	0	0	1	0	1	0	1	0	0	0	0	0	0	0	0	0	0	0	0	0	0	0	0	0	0	0	0	0	0	0	0	0	0	0	0	0	0	0	0	0	0	36	1	0	0	0	0	0	0	0	0	0	0	0	1	0	0	0	0	0	0	0	0	0	0	0	6	0	0	0	0	0	29	0	0	0	0	0	0	0	0	0	0	0	0	0	0	0	0	0	0	0	0	0	0	0	0	0	0	0	0	0	0	0	0	0	0	0	0	0	0	0	0	0	0	0	0	0	0	0	0	0	0	1	0	0	0	0	0	5	0	0	0	0	0	0	0	0	1	0	0	0	0	0	0	0	0	0	0	0	0	0	0	0	0	0
k__Bacteria._.p__Firmicutes._.c__Bacilli._.o__Bacillales._.f__Planococcaceae._.g__	0	0	0	0	0	0	0	0	0	0	0	0	0	0	0	0	0	0	0	0	0	0	0	0	0	0	0	0	0	0	0	0	0	0	0	0	0	0	0	0	0	0	0	0	0	0	0	0	0	0	0	0	0	0	0	0	0	0	0	0	0	0	0	0	0	0	0	0	0	0	0	0	0	0	0	0	0	0	0	0	0	0	0	0	0	0	0	0	0	0	0	0	8	0	0	0	0	0	0	0	0	0	0	0	0	0	0	0	0	0	0	0	0	0	0	0	0	0	0	0	0	0	0	0	0	0	0	0	0	0	0	0	0	0	0	0	0	0	0	0	0	0	0	0	0	0	0	0	0	0	0	0	0	0	0	0	0	0	0	0	0	0	0	0	0	0	0	0	0	0	0	0	0	0	0	0	0	0	0	0	0	0	0	0	0	0	0	0	0	0	0	0	0	0	0	0	0	0	0	128	0	0	0
k__Bacteria._.p__Firmicutes._.c__Bacilli._.o__Bacillales._.f__Staphylococcaceae._.g__Staphylococcus	0	0	0	0	0	0	0	0	0	0	0	0	0	0	0	0	0	0	0	0	0	0	0	0	0	0	0	0	0	0	0	0	0	0	0	0	0	0	0	0	0	0	0	0	0	0	0	0	0	0	0	0	0	0	0	0	0	0	0	0	0	0	0	0	0	0	0	0	0	0	0	0	0	0	0	0	0	0	0	0	0	0	0	0	0	0	0	0	0	0	0	0	0	0	0	0	0	0	0	0	0	0	0	0	0	0	0	0	0	0	0	0	0	0	0	0	0	0	0	0	0	0	0	0	0	0	0	0	0	0	0	0	0	0	0	0	0	0	0	0	0	0	0	0	0	0	0	0	0	0	0	0	0	0	0	0	0	0	0	0	0	0	0	0	0	1	0	0	0	0	0	0	0	0	0	0	0	0	0	0	0	0	0	0	0	0	0	0	0	0	0	2	0	4	0	0	0	0	0	0	0	0	0
k__Bacteria._.p__Firmicutes._.c__Bacilli._.o__Lactobacillales._.f__Aerococcaceae._.g__Abiotrophia	0	0	0	0	0	0	0	0	0	0	1	0	0	0	0	0	0	0	0	0	0	0	0	0	0	0	0	0	0	0	0	0	0	0	0	0	0	0	0	0	0	9	0	0	0	0	0	0	0	1	0	0	0	0	0	0	0	0	2	0	0	0	0	0	0	0	0	0	0	0	0	0	0	0	0	0	0	0	0	0	0	0	0	0	0	0	0	0	0	0	0	0	0	0	0	0	0	0	0	0	0	0	0	0	0	0	0	0	0	0	0	0	0	32	0	0	0	0	0	0	0	0	0	0	0	0	0	0	0	0	0	0	0	0	0	0	0	0	0	0	0	0	0	0	0	0	0	0	0	0	0	0	0	0	0	0	0	0	0	0	0	0	0	0	0	0	0	0	0	0	0	0	0	0	0	0	0	0	0	0	0	0	0	0	0	0	0	0	0	0	0	0	0	0	0	0	0	0	0	0	0	0	0
k__Bacteria._.p__Firmicutes._.c__Bacilli._.o__Lactobacillales._.f__Enterococcaceae._.g__Enterococcus	0	0	0	0	0	0	0	0	0	0	0	7	0	9	0	1	0	0	2	0	0	0	0	0	0	0	0	0	0	0	0	0	0	2	0	0	1	0	0	0	0	1	1	8	0	0	0	0	0	0	10	1	0	0	2	0	1	1	0	3	0	1	1	0	0	0	0	1	0	0	0	0	0	0	0	0	0	0	0	0	0	0	0	1	0	0	26	0	0	0	0	0	0	26	0	1	0	0	0	0	1	1	1	0	0	0	0	0	0	1	0	0	0	0	0	0	0	0	16	0	0	0	0	0	1	0	0	0	0	0	0	0	0	0	0	0	0	0	0	0	0	0	0	0	0	0	0	0	0	0	0	0	0	0	0	0	0	0	0	0	0	0	0	0	0	0	0	0	0	0	0	0	0	0	0	0	1	0	1	0	0	0	0	0	0	0	0	0	0	0	0	0	3	1	0	4	0	0	0	1	0	0	0
k__Bacteria._.p__Firmicutes._.c__Bacilli._.o__Lactobacillales._.f__Enterococcaceae._.g__Tetragenococcus	0	0	1	0	1	0	0	0	0	1	0	15	0	10	1	2	0	0	1	0	1	5	0	0	1	0	0	0	0	18	0	13	0	2	0	0	2	56	0	0	0	39	4	12	0	0	0	0	0	0	0	0	0	0	8	0	0	0	1	0	0	1	0	0	1	3	0	0	0	0	2	0	0	0	0	0	1	0	1	0	0	0	0	0	0	0	35	0	1	0	0	0	0	0	0	1	0	0	0	0	0	2	0	0	1	0	0	4	1	0	0	5	0	37	9	0	0	1	12	3	0	1	0	0	10	1	1	0	1	0	0	0	0	0	0	0	8	0	1	1	0	0	0	0	0	2	0	1	0	0	0	2	0	0	0	0	13	1	0	1	0	0	0	0	0	1	0	0	2	0	1	0	0	0	2	0	2	0	3	0	0	2	0	0	0	2	0	0	0	0	0	0	0	0	0	0	0	0	0	0	1	0	0
k__Bacteria._.p__Firmicutes._.c__Bacilli._.o__Lactobacillales._.f__Lactobacillaceae._.g__Lactobacillus	0	0	0	0	0	0	0	0	0	0	0	446	0	0	0	0	0	0	2	0	0	0	0	0	0	0	1	0	0	0	0	16	0	18	0	0	5	12	1	0	0	0	11	0	37	0	368	0	0	1	0	0	0	0	0	0	0	0	0	0	0	0	0	0	0	0	0	0	0	0	0	1	0	56	0	0	0	0	0	0	0	0	0	0	0	1	0	0	0	0	0	2	0	454	0	0	0	1	15	0	5	0	8	0	18	0	1	18	0	0	0	0	0	14	35	0	0	0	763	0	0	0	2	1	0	0	0	0	0	0	0	0	0	0	0	0	0	0	0	0	0	0	0	0	0	0	0	0	0	0	0	0	0	0	0	0	0	0	0	0	0	0	0	0	0	0	0	0	1	0	0	0	0	0	0	0	0	0	1	0	0	0	1	0	0	0	0	0	0	0	0	0	0	1	0	0	0	0	0	0	0	0	0
k__Bacteria._.p__Firmicutes._.c__Bacilli._.o__Lactobacillales._.f__Leuconostocaceae._.g__Weissella	0	0	0	0	0	0	0	0	0	0	0	0	0	0	0	0	1	0	0	0	0	0	0	0	0	0	0	0	0	0	0	0	0	0	0	0	3	0	0	0	0	1	0	0	0	0	0	0	0	0	0	0	0	0	0	0	0	0	0	0	0	0	0	0	0	0	0	0	0	0	0	0	0	0	0	0	0	0	0	0	0	0	0	0	0	0	0	0	0	0	0	0	0	0	0	0	0	0	0	0	0	0	0	0	2	0	0	0	0	0	0	0	1	0	0	0	0	0	0	0	0	0	0	0	0	0	0	0	0	0	0	0	0	0	0	0	0	0	0	0	0	0	0	0	0	0	0	0	0	0	0	0	0	0	0	0	0	0	0	0	0	0	0	0	0	0	0	0	0	0	0	0	0	0	0	0	0	0	0	0	0	0	0	0	0	0	0	0	0	0	0	0	0	0	0	0	0	0	0	0	0	0	0
k__Bacteria._.p__Firmicutes._.c__Bacilli._.o__Lactobacillales._.f__Streptococcaceae._.g__Lactococcus	0	0	0	0	0	0	0	0	0	0	0	0	0	0	0	0	1	2	1	0	0	0	0	0	0	0	0	0	0	0	0	0	0	0	0	1	0	0	0	0	0	29	0	0	0	0	0	0	3	0	0	0	0	0	0	0	0	0	0	3	0	0	0	0	0	0	0	1	0	0	0	0	0	0	0	0	0	0	0	0	0	0	0	0	0	0	0	0	0	0	0	0	0	0	0	0	0	0	0	0	0	0	0	0	0	0	0	0	0	0	0	0	0	0	0	0	0	0	0	0	0	0	0	0	0	3	0	0	0	0	1	0	0	0	0	0	0	0	0	0	0	0	0	0	0	0	0	0	0	0	0	0	0	0	0	0	0	0	0	0	0	0	0	0	0	0	0	0	0	0	0	0	0	0	0	0	0	0	0	0	0	0	0	0	0	0	0	0	0	0	0	0	0	17	0	0	5	0	0	0	0	0	0
k__Bacteria._.p__Firmicutes._.c__Bacilli._.o__Lactobacillales._.f__Streptococcaceae._.g__Streptococcus	3	1	43	0	3	0	0	0	0	2	9	1	7	0	11	0	0	0	27	17	34	7	1	0	2	1	33	17	1	260	0	28	1	85	1	1	16	12	0	2	0	135	7	1	68	59	1	3	40	0	6	4	11	4	18	10	15	0	10	0	0	6	5	0	220	37	4	1	1	1	0	19	5	1	9	9	0	5	1	0	1	30	1	11	0	2	2	4	13	3	1	23	1	48	0	1	0	1	41	0	1	78	0	6	90	7	1	0	4	0	4	6	31	476	25	10	0	0	0	8	0	9	2	6	480	2	17	5	6	8	0	9	3	0	14	2	2	2	0	1	11	4	5	1	9	13	0	1	6	3	2	12	6	11	2	17	212	0	0	2	3	13	12	0	0	5	5	8	5	4	1	21	1	19	4	0	12	0	24	0	0	1	3	0	11	15	0	1	3	0	2	5	1	0	1	1281	8	3	38	1	1	0	1
k__Bacteria._.p__Firmicutes._.c__Clostridia._.o__._.f__._.g__	0	0	0	0	0	0	0	0	0	0	0	0	0	0	0	0	0	0	0	0	0	0	0	0	0	0	0	0	0	0	0	0	0	0	0	0	0	0	0	0	0	0	0	0	0	0	0	0	0	0	0	0	0	0	1	0	0	0	0	0	0	0	0	0	0	0	0	0	0	0	0	0	0	0	0	0	0	0	0	0	0	0	0	0	0	0	0	0	0	0	0	0	0	0	5	0	0	0	0	0	0	0	0	0	0	0	0	0	1	0	0	0	0	0	0	0	0	0	0	0	0	0	0	0	0	0	0	0	0	0	0	0	0	0	0	0	0	1	2	1	0	0	0	0	0	0	0	2	0	2	1	0	0	0	1	0	0	0	0	0	0	0	0	0	0	0	0	0	0	0	0	0	0	0	0	0	0	0	0	0	0	0	0	0	0	0	0	0	0	0	0	0	0	0	0	0	0	0	0	0	0	0	0
k__Bacteria._.p__Firmicutes._.c__Clostridia._.o__Clostridiales._.f__._.g__	0	0	0	1	0	0	0	1	26	0	0	0	0	1	0	0	0	0	0	0	6	0	8	1	0	2	0	14	0	3	0	8	0	0	0	5	0	20	0	0	55	1	1	16	107	3	1	0	4	0	1	0	0	0	27	0	0	0	4	0	0	0	0	0	0	0	0	4	0	19	0	0	35	0	0	0	0	0	1	0	0	0	1	0	0	26	0	0	0	0	0	0	6	0	215	8	1	1	0	2	3	3	7	1	2	0	1	0	38	0	0	5	0	0	8	0	1	0	0	0	0	0	0	0	2	0	0	0	0	0	1	65	1	29	0	0	23	33	70	15	0	3	0	23	0	27	778	10	2	46	68	0	0	2	256	0	0	1	2	0	0	0	19	2	0	0	0	9	0	0	0	0	0	81	0	0	0	64	4	5	1	1	31	0	0	42	0	34	57	84	1	0	0	0	0	0	0	2	0	5	0	1	0
k__Bacteria._.p__Firmicutes._.c__Clostridia._.o__Clostridiales._.f__Clostridiaceae_1._.g__	0	0	0	0	0	0	0	0	0	0	0	0	0	0	0	0	0	0	0	0	0	0	0	0	0	0	0	0	0	0	0	0	0	0	0	0	0	0	0	0	0	0	0	0	0	0	0	0	0	0	0	0	0	0	0	0	0	0	0	0	0	0	0	0	0	0	0	0	0	0	0	0	0	0	0	0	0	0	0	0	0	0	0	0	0	0	0	0	0	0	0	0	0	0	0	0	0	0	0	0	0	0	0	0	0	0	0	0	0	0	0	0	2	11	0	0	0	0	0	0	0	0	1	0	14	0	0	0	0	0	0	0	0	0	0	0	0	0	0	3	0	0	0	0	0	0	0	0	0	0	0	0	0	0	0	0	0	0	0	0	0	0	0	0	0	0	0	0	0	0	0	0	0	0	0	0	0	0	0	0	0	0	0	0	0	0	0	0	0	0	0	0	0	0	0	0	0	0	0	0	0	0	0
k__Bacteria._.p__Firmicutes._.c__Clostridia._.o__Clostridiales._.f__Clostridiaceae_1._.g__Clostridium_sensu_stricto	9	0	1	0	20	0	0	3	0	0	1	4	1	0	0	0	0	0	0	0	391	16	0	0	0	0	0	0	2	62	0	5	0	19	0	0	3	7	0	0	0	1	9	0	0	0	0	0	1	0	0	0	4	38	2	0	6	0	52	9	0	5	0	0	0	0	0	2	0	0	0	0	1	3	0	0	0	0	0	0	0	2	4	24	2	0	0	17	0	0	0	1	0	0	1	85	0	0	0	0	0	0	0	0	0	2	0	0	0	0	0	2	0	0	0	0	0	2	18	8	0	0	0	0	168	0	0	447	0	0	0	1	0	0	0	0	0	0	2	43	0	3	0	0	3	9	8	0	9	0	2	1	0	1	1	0	0	2	1	3	0	67	0	1	0	0	0	1	0	0	0	0	0	0	0	0	0	2	14	0	0	80	1	0	0	10	1	0	16	0	1	16	0	0	0	0	0	0	0	1	0	0	0
k__Bacteria._.p__Firmicutes._.c__Clostridia._.o__Clostridiales._.f__Clostridiales_Incertae_Sedis_XI._.g__	0	0	0	0	0	0	0	0	0	0	0	0	0	0	0	0	0	0	0	0	0	0	0	0	0	0	0	0	0	0	0	10	0	0	0	0	0	2	0	0	0	0	0	0	0	0	0	0	0	0	0	0	0	0	0	0	0	0	0	0	0	0	0	0	0	0	0	0	0	0	0	0	0	0	0	0	0	0	0	0	0	0	0	0	0	0	0	0	0	0	0	0	0	0	0	0	0	0	0	0	0	0	0	0	0	0	0	0	1	0	0	0	0	0	0	0	0	0	0	0	0	0	0	0	0	0	0	0	0	0	0	0	0	0	1	0	0	0	0	0	0	0	0	0	0	0	1	0	0	3	0	0	0	1	0	0	0	0	0	0	0	0	0	0	0	0	0	0	0	0	0	0	0	0	0	0	0	0	0	0	0	0	0	0	0	0	0	0	0	0	0	0	0	10	0	0	0	0	0	0	0	0	0
k__Bacteria._.p__Firmicutes._.c__Clostridia._.o__Clostridiales._.f__Clostridiales_Incertae_Sedis_XI._.g__Anaerococcus	0	0	0	0	0	0	0	0	0	0	0	0	0	0	0	0	0	0	0	0	0	0	0	0	0	0	0	0	0	0	0	5	0	0	0	0	0	1	0	0	0	0	0	0	0	0	0	0	0	0	0	0	0	0	0	0	0	0	0	0	0	0	0	0	0	0	0	0	0	0	0	0	0	0	0	0	1	0	0	0	0	0	0	0	0	0	0	0	41	0	0	0	0	0	0	0	0	0	0	0	0	0	0	0	0	0	0	0	0	0	0	0	0	0	0	0	0	0	0	0	0	0	0	0	0	0	0	0	0	0	0	0	0	0	0	0	0	0	0	0	0	0	0	0	0	0	0	0	0	0	0	0	0	0	0	0	0	0	1	0	0	0	0	0	0	0	0	0	0	0	0	0	0	0	0	0	0	0	0	0	0	0	0	0	0	0	0	0	0	0	0	0	0	2	0	0	0	0	0	0	0	0	0
k__Bacteria._.p__Firmicutes._.c__Clostridia._.o__Clostridiales._.f__Clostridiales_Incertae_Sedis_XI._.g__Finegoldia	1	0	0	0	0	0	0	0	0	0	0	0	0	0	0	0	0	0	0	0	0	0	0	0	0	0	0	0	0	0	0	1	0	0	0	0	0	1	0	0	0	0	0	0	0	0	0	0	0	0	0	0	0	0	0	0	0	0	0	0	0	0	0	0	0	0	0	0	0	0	0	0	0	0	0	0	0	0	0	0	0	0	0	0	0	0	0	0	0	0	0	0	0	0	0	0	0	0	0	0	0	0	0	0	0	0	0	0	0	0	0	0	0	0	0	0	0	0	0	0	0	0	0	0	0	0	0	0	0	0	0	0	0	0	0	0	0	0	0	0	0	0	0	0	0	0	0	0	0	1	0	0	0	0	0	0	0	0	0	0	0	0	0	0	0	0	0	0	0	0	0	0	0	0	0	0	0	0	0	0	0	0	0	0	0	0	0	0	0	0	0	0	0	0	0	0	0	0	0	0	0	0	0
k__Bacteria._.p__Firmicutes._.c__Clostridia._.o__Clostridiales._.f__Clostridiales_Incertae_Sedis_XI._.g__Parvimonas	0	0	0	0	0	0	0	0	0	0	0	0	0	0	0	0	0	0	0	0	1	0	0	11	0	0	0	0	0	1	0	0	1	0	0	1	0	0	0	0	0	2	0	0	0	0	0	0	1	0	0	2	0	0	0	0	0	0	0	0	0	0	0	0	0	0	0	0	0	0	0	0	0	0	0	0	0	0	0	0	0	0	0	0	0	0	0	0	16	0	0	0	0	1	0	0	0	0	0	0	0	0	0	0	0	0	0	0	0	0	0	0	0	1	0	0	0	0	0	25	0	0	0	5	0	0	0	0	0	0	0	0	0	0	0	0	0	0	0	0	0	0	0	0	0	0	0	0	0	0	0	0	0	0	0	0	0	0	0	0	0	0	0	4	0	1	17	0	1	0	0	0	2	0	0	0	0	0	1	0	0	0	0	0	0	0	0	0	0	0	0	2	0	0	0	0	0	0	0	0	0	0	0
k__Bacteria._.p__Firmicutes._.c__Clostridia._.o__Clostridiales._.f__Clostridiales_Incertae_Sedis_XI._.g__Peptoniphilus	0	0	0	0	0	0	0	0	0	0	1	0	0	0	1	0	0	0	0	0	1	0	0	0	0	0	0	0	0	0	0	22	0	0	0	0	0	15	0	0	0	0	0	0	0	0	0	0	0	0	0	0	0	0	0	0	1	0	0	0	0	0	0	0	0	0	0	0	0	0	0	0	0	0	0	0	0	0	0	0	0	0	0	0	0	0	0	5	2	7	0	0	0	0	0	0	0	0	0	0	0	0	0	0	0	0	0	0	1	0	0	0	0	1	4	0	0	0	0	0	0	0	0	0	0	0	0	0	0	0	0	0	0	0	0	0	0	0	0	0	0	0	0	0	0	0	2	0	0	0	0	0	0	1	0	0	0	0	1	0	0	0	0	0	0	0	6	1	0	0	0	0	0	0	0	0	0	0	0	0	0	0	0	0	0	1	0	0	0	0	0	0	0	1	0	0	1	0	0	0	0	0	0
k__Bacteria._.p__Firmicutes._.c__Clostridia._.o__Clostridiales._.f__Clostridiales_Incertae_Sedis_XI._.g__Tissierella	0	0	0	0	0	0	0	0	0	0	0	0	0	0	0	0	0	0	0	0	0	0	0	0	0	0	0	0	0	0	0	0	0	0	0	0	0	0	0	0	0	0	0	0	0	0	0	0	0	0	0	0	0	0	0	0	0	0	0	0	0	0	0	0	0	0	0	0	0	0	0	0	0	0	0	0	0	0	0	0	0	0	0	0	0	0	0	0	0	0	0	0	0	0	0	0	0	0	0	0	0	0	0	0	0	0	0	0	0	0	0	0	0	0	0	0	0	2	0	0	0	0	0	0	0	0	0	0	0	0	0	0	0	0	0	0	0	0	0	0	0	0	0	0	0	0	0	0	0	0	0	0	0	0	0	0	0	0	0	0	0	0	0	0	0	0	0	0	0	0	0	0	0	0	0	0	0	0	0	0	0	0	0	0	0	0	0	0	0	0	0	0	0	0	0	0	0	0	0	0	0	0	0
k__Bacteria._.p__Firmicutes._.c__Clostridia._.o__Clostridiales._.f__Clostridiales_Incertae_Sedis_XIII._.g__Anaerovorax	0	0	0	0	0	0	0	0	0	0	0	0	0	5	0	6	0	0	0	0	0	0	0	0	0	0	0	1	0	0	1	1	0	0	0	0	0	7	0	0	0	3	0	5	0	0	0	0	0	0	0	0	0	0	3	5	0	0	2	0	0	0	0	4	0	0	0	4	0	0	0	1	0	0	0	0	0	0	0	0	0	0	0	0	0	1	0	0	0	0	0	0	1	0	0	0	0	0	0	0	0	0	0	0	0	2	4	0	0	0	0	0	0	0	0	0	0	0	0	0	0	0	0	0	0	0	0	0	0	0	0	0	0	0	0	0	2	0	2	0	0	0	0	1	0	0	2	4	0	0	1	0	0	0	5	1	0	0	0	0	0	0	3	0	0	0	0	1	0	0	0	0	0	0	2	0	0	0	1	0	0	0	1	0	0	0	0	0	3	2	0	0	0	0	0	0	0	0	0	0	0	0	0
k__Bacteria._.p__Firmicutes._.c__Clostridia._.o__Clostridiales._.f__Clostridiales_Incertae_Sedis_XIII._.g__Mogibacterium	0	0	0	0	0	0	0	0	0	0	0	0	0	0	0	0	0	0	0	0	0	0	0	0	0	0	0	0	0	0	0	0	0	0	0	0	0	0	0	0	0	1	0	0	0	0	0	0	0	0	0	0	0	0	0	0	0	0	0	0	0	0	0	0	0	0	0	0	0	0	0	0	0	0	0	0	0	0	0	0	0	0	0	0	0	0	0	0	2	0	0	0	0	0	0	0	0	0	0	0	0	0	0	0	0	0	0	0	0	0	0	1	0	8	0	0	0	0	0	1	0	0	0	0	0	0	0	0	0	1	0	0	0	0	0	0	0	0	0	0	0	0	0	0	0	0	0	0	0	0	0	0	0	0	0	0	0	0	0	0	0	0	0	0	0	0	0	0	0	0	0	0	0	0	0	0	0	0	0	0	0	0	0	0	0	0	0	0	0	0	0	0	0	0	0	0	0	0	0	0	0	0	0
k__Bacteria._.p__Firmicutes._.c__Clostridia._.o__Clostridiales._.f__Eubacteriaceae._.g__Acetobacterium	0	0	0	0	0	0	0	0	0	0	0	0	0	0	0	0	0	0	0	0	0	0	0	0	0	0	0	0	0	0	0	0	0	0	0	0	0	0	0	0	0	0	0	0	0	0	0	0	0	0	0	0	0	0	0	0	0	0	0	0	0	0	0	0	0	0	0	0	0	0	0	0	0	0	0	0	0	0	0	0	0	0	0	0	0	0	0	0	0	0	0	0	0	0	0	0	0	0	0	0	0	0	0	0	0	0	0	0	0	0	1	0	0	0	4	0	0	0	0	0	0	0	0	0	0	0	0	0	0	0	0	0	0	0	0	0	0	0	0	0	0	0	0	0	0	0	0	0	0	0	0	0	0	0	0	0	0	0	0	0	0	0	0	0	0	0	0	0	0	0	0	0	0	0	0	0	0	0	0	0	0	0	0	0	0	0	0	0	0	0	0	0	0	0	0	0	0	0	0	0	0	0	0
k__Bacteria._.p__Firmicutes._.c__Clostridia._.o__Clostridiales._.f__Eubacteriaceae._.g__Eubacterium	0	0	0	0	0	0	0	0	0	0	0	0	0	0	0	0	0	0	0	0	0	0	0	0	0	0	0	0	0	0	0	0	0	0	0	0	0	0	0	0	0	0	0	0	0	0	0	0	0	0	0	0	0	0	0	0	0	0	0	0	0	0	0	0	0	0	0	0	0	0	0	0	0	0	0	0	0	0	0	0	0	0	0	0	0	0	0	0	0	0	0	0	0	0	1	0	0	1	0	0	0	0	0	0	0	0	0	0	0	0	0	0	0	0	0	0	0	0	0	0	0	0	0	1	0	0	0	0	0	0	0	0	1	0	0	0	0	0	0	0	0	0	0	0	0	0	0	1	1	1	0	0	0	1	0	1	0	0	0	0	0	0	1	0	0	0	0	0	0	0	0	0	0	1	0	0	0	3	2	1	0	0	3	0	0	10	2	3	0	12	0	0	0	0	0	0	0	0	0	0	0	0	0
k__Bacteria._.p__Firmicutes._.c__Clostridia._.o__Clostridiales._.f__Gracilibacteraceae._.g__	0	0	0	0	0	0	0	0	0	0	0	0	0	0	0	0	0	0	0	0	0	0	0	0	0	0	0	0	0	0	0	0	0	0	0	0	0	0	0	0	0	0	0	0	0	0	0	0	0	0	0	0	0	0	4	0	0	0	0	0	0	0	0	0	0	0	0	0	0	0	0	0	0	0	0	0	0	0	0	0	0	0	0	0	0	1	0	0	0	0	0	0	0	0	0	0	0	0	0	0	0	0	0	0	0	0	0	0	0	0	0	0	0	0	0	0	0	0	0	0	0	0	0	0	0	0	0	0	0	0	0	0	0	0	0	0	0	0	0	0	0	0	0	0	0	5	22	0	0	0	5	0	0	0	7	0	0	0	0	0	0	0	0	0	0	0	1	0	0	0	0	0	0	0	0	0	0	5	0	0	0	0	0	0	0	0	0	7	0	0	0	0	0	0	0	0	0	0	0	0	0	0	0
k__Bacteria._.p__Firmicutes._.c__Clostridia._.o__Clostridiales._.f__Lachnospiraceae._.g__	4	13	13	12	1	134	67	20	30	25	1	0	17	12	26	0	0	0	11	2	7	1	170	1	0	38	1	90	3	9	23	38	14	34	24	72	22	37	3	3	52	1	1	121	35	39	11	20	2	2	2	5	0	0	130	83	3	0	75	0	3	3	1	30	5	1	1	31	2	34	26	0	16	25	19	8	8	0	9	0	13	6	40	0	13	70	4	4	6	5	0	16	11	10	23	4	78	53	28	55	53	21	98	20	105	29	31	9	30	44	4	35	188	1	170	1	23	4	0	6	10	50	0	41	61	13	2	0	0	6	48	81	67	208	35	3	88	64	78	107	5	78	3	36	3	89	24	179	48	27	78	89	155	105	22	69	13	4	144	101	14	8	19	22	31	6	20	24	0	43	0	24	15	151	19	1	6	68	157	35	22	189	114	44	14	76	13	146	71	38	30	19	0	1	0	0	19	24	101	36	1	1	33
k__Bacteria._.p__Firmicutes._.c__Clostridia._.o__Clostridiales._.f__Lachnospiraceae._.g__Anaerostipes	0	0	0	0	0	1	31	0	0	0	14	0	3	1	0	0	0	0	0	0	4	1	4	0	1	6	0	9	0	0	1	19	0	0	5	86	0	3	1	0	0	0	0	4	0	1	0	12	0	0	1	0	0	0	1	1	0	0	1	0	0	4	0	1	5	0	0	0	0	8	5	0	9	5	0	0	0	0	5	0	0	0	1	0	3	4	0	0	0	0	0	0	6	0	1	0	4	40	2	28	4	0	12	10	58	68	1	0	3	0	2	11	8	2	49	0	3	3	0	1	0	7	0	0	0	8	0	0	0	28	81	9	29	42	9	0	8	24	3	23	0	7	0	4	0	0	2	19	7	30	7	10	1	4	3	1	0	0	11	12	0	0	1	0	1	0	2	0	0	2	0	0	3	2	2	1	1	1	0	7	0	15	2	0	0	2	0	0	2	3	1	15	0	0	0	0	0	7	2	1	0	0	2
k__Bacteria._.p__Firmicutes._.c__Clostridia._.o__Clostridiales._.f__Lachnospiraceae._.g__Blautia	0	0	4	10	1	44	22	11	5	3	16	0	6	7	18	0	0	0	7	0	3	0	8	0	1	12	0	21	0	0	21	73	1	26	9	16	0	4	24	0	1	0	0	13	4	28	1	11	0	0	0	0	0	0	51	7	0	0	18	1	3	40	0	2	5	0	0	26	1	8	41	5	23	23	0	0	0	0	5	0	12	1	11	0	0	20	0	0	0	1	0	11	9	6	10	13	39	21	17	27	7	3	46	29	212	17	36	0	14	29	15	18	31	2	32	1	26	3	0	1	7	49	0	9	105	15	17	0	0	42	60	48	48	73	15	0	24	49	29	64	0	49	14	24	48	20	10	66	19	32	23	55	66	14	53	10	0	1	10	35	77	0	18	31	12	1	1	4	0	5	2	20	7	14	12	0	19	28	13	20	45	110	57	10	12	39	4	17	26	48	17	86	1	0	0	0	8	18	24	3	0	6	1
k__Bacteria._.p__Firmicutes._.c__Clostridia._.o__Clostridiales._.f__Lachnospiraceae._.g__Clostridium_XlVa	0	9	2	1	7	9	3	6	1	18	9	0	116	28	9	9	0	0	4	86	6	16	43	94	0	46	0	8	41	3	6	10	18	21	76	35	45	8	35	23	2	3	8	18	35	6	43	10	65	3	1	24	0	16	6	16	7	3	36	1	7	1	9	44	85	5	0	12	5	24	153	2	19	10	66	217	40	0	24	1	16	58	4	0	173	16	5	27	0	69	0	59	13	13	7	12	26	26	21	27	8	12	9	8	9	13	33	109	12	30	79	2	75	2	193	1	9	20	4	41	2	21	2	3	11	8	3	0	0	124	12	41	41	6	17	1	10	8	16	11	9	5	24	2	209	4	13	37	7	19	13	165	8	36	3	24	1	10	27	52	8	53	96	6	0	10	50	37	12	46	2	11	6	11	7	1	8	8	11	42	143	35	20	23	2	30	12	10	16	20	35	7	66	0	2	0	95	27	11	6	14	3	5
k__Bacteria._.p__Firmicutes._.c__Clostridia._.o__Clostridiales._.f__Lachnospiraceae._.g__Clostridium_XlVb	0	0	0	0	0	1	0	0	0	0	0	0	1	4	0	4	0	0	0	0	0	0	3	0	0	1	0	5	0	0	0	3	2	7	0	4	0	3	0	0	13	0	0	2	2	0	0	0	0	0	0	0	0	0	3	1	0	0	14	0	2	0	0	22	1	0	0	7	0	10	0	1	0	2	0	0	0	0	0	0	0	1	0	0	0	4	0	0	3	0	0	0	4	0	0	0	0	6	0	1	9	3	0	0	0	0	4	0	0	0	0	0	1	0	23	0	2	0	0	0	2	0	0	10	0	3	0	0	0	0	0	1	12	0	1	0	1	2	0	3	0	0	0	1	0	1	9	7	0	0	1	0	0	0	0	0	0	0	2	0	0	0	7	42	0	0	1	0	0	2	0	5	9	4	4	0	0	1	10	1	1	0	11	15	0	0	3	1	8	0	6	0	0	0	0	0	0	4	0	0	0	0	0
k__Bacteria._.p__Firmicutes._.c__Clostridia._.o__Clostridiales._.f__Lachnospiraceae._.g__Coprococcus	0	2	11	17	0	7	0	8	8	0	2	0	0	3	0	0	0	0	0	0	0	0	5	0	0	1	0	7	0	0	5	3	0	0	0	1	0	5	2	0	10	0	0	18	0	0	0	2	0	0	0	0	0	0	21	0	1	0	11	0	0	1	0	0	1	0	0	13	2	12	0	0	0	10	0	0	0	0	2	0	0	0	0	0	0	5	3	0	4	3	0	1	1	0	1	4	0	18	2	3	5	0	0	4	13	8	9	0	1	0	0	7	3	0	9	0	1	0	0	2	13	26	0	3	0	2	0	0	0	0	3	6	21	31	4	0	4	23	18	52	0	15	0	9	0	15	1	4	0	12	7	1	3	4	3	0	0	0	4	7	0	0	2	17	0	0	8	0	0	3	1	1	0	7	3	0	17	27	14	7	0	3	2	17	17	7	2	8	8	4	8	2	0	0	0	0	0	0	7	3	0	0	0
k__Bacteria._.p__Firmicutes._.c__Clostridia._.o__Clostridiales._.f__Lachnospiraceae._.g__Dorea	0	0	5	1	0	7	1	7	4	3	10	0	7	1	0	1	0	0	12	0	2	0	5	0	0	39	0	11	0	0	12	12	0	1	0	0	0	3	18	0	2	2	0	4	1	2	1	1	0	1	0	0	0	0	7	0	0	0	28	0	0	0	0	5	0	0	0	3	0	0	1	1	0	1	0	0	5	0	0	0	4	0	9	0	0	37	0	0	0	2	0	1	1	0	0	0	2	22	9	0	35	3	2	1	28	10	1	0	5	0	0	26	7	5	0	0	2	0	0	3	11	73	0	42	0	5	0	0	0	1	13	1	7	3	1	0	1	10	8	41	0	6	1	2	0	1	10	3	4	2	8	0	5	0	2	0	0	0	8	1	0	0	0	9	0	4	3	3	0	7	0	4	6	3	3	0	1	0	6	3	1	30	6	2	3	10	0	4	7	4	6	0	0	0	0	0	0	0	3	8	0	0	3
k__Bacteria._.p__Firmicutes._.c__Clostridia._.o__Clostridiales._.f__Lachnospiraceae._.g__Howardella	0	0	0	0	0	0	0	0	2	0	0	0	0	0	0	0	0	0	0	0	0	0	0	0	0	0	0	0	0	0	0	0	0	0	0	0	0	0	0	0	0	0	0	0	0	0	0	0	0	0	0	0	0	0	0	0	0	0	0	0	0	0	0	0	0	0	0	0	0	0	0	0	0	0	0	0	0	0	0	0	0	0	0	0	0	0	0	0	0	0	0	0	0	0	0	0	0	0	0	0	0	0	0	0	0	0	0	0	0	0	0	0	0	0	0	0	0	0	0	0	0	0	0	0	0	3	0	0	0	0	0	0	0	0	0	0	0	0	0	0	0	0	0	0	0	0	0	0	2	0	3	0	0	0	2	6	0	0	0	0	0	0	0	0	0	0	0	0	0	0	0	1	0	0	0	0	0	0	0	0	0	0	0	0	0	0	1	0	1	0	0	0	0	0	0	0	0	0	0	0	0	0	0
k__Bacteria._.p__Firmicutes._.c__Clostridia._.o__Clostridiales._.f__Lachnospiraceae._.g__Lachnospiracea_incertae_sedis	0	73	1	7	137	174	271	104	80	17	28	0	16	18	1	14	0	0	31	0	18	3	56	8	0	5	1	49	1	29	3	62	5	18	27	172	3	11	2	0	76	2	125	174	14	27	1	15	8	3	0	25	0	1	37	21	4	1	8	0	0	7	3	0	6	0	14	18	0	68	21	6	3	20	11	40	1	24	5	0	1	2	17	0	10	3	1	75	0	2	0	11	14	5	13	0	13	73	30	43	20	7	65	13	135	162	15	16	111	2	0	330	35	4	54	0	48	4	0	4	98	80	0	47	0	4	1	0	0	16	48	1	80	131	61	0	72	147	95	204	0	197	5	45	96	76	5	77	15	36	25	18	308	28	30	4	0	11	28	39	16	0	6	16	8	1	40	30	1	1	11	3	49	84	5	0	76	64	33	97	18	43	130	16	7	32	5	74	76	62	68	30	0	0	0	1	8	0	67	36	3	20	17
k__Bacteria._.p__Firmicutes._.c__Clostridia._.o__Clostridiales._.f__Lachnospiraceae._.g__Oribacterium	0	0	0	0	0	0	0	0	0	0	0	0	0	0	0	0	0	0	0	0	0	0	0	0	0	0	0	0	0	0	0	0	0	0	0	0	0	0	0	0	0	39	0	0	0	0	0	0	1	0	0	0	0	0	0	0	0	0	0	0	0	0	0	0	0	0	0	0	0	0	0	0	0	0	0	0	0	0	0	0	0	0	0	0	0	0	0	0	0	0	0	0	0	0	0	0	0	0	0	0	0	0	0	0	0	0	0	0	0	0	0	0	0	1	0	0	0	0	0	0	0	0	0	0	0	0	0	0	0	0	0	0	0	0	0	0	0	0	0	0	0	0	0	0	0	0	0	0	0	0	0	0	0	0	0	0	0	0	0	0	0	0	0	0	0	0	0	0	0	0	0	0	0	0	0	0	0	0	0	0	0	0	0	0	0	0	0	0	0	0	0	0	0	0	0	0	0	0	0	0	0	0	0
k__Bacteria._.p__Firmicutes._.c__Clostridia._.o__Clostridiales._.f__Lachnospiraceae._.g__Pseudobutyrivibrio	0	0	0	0	0	0	0	0	0	0	0	0	0	0	0	0	0	0	0	0	0	0	0	0	0	0	0	0	0	0	0	0	0	0	0	0	0	0	0	0	0	0	0	0	0	0	0	0	0	0	0	0	0	0	0	0	0	0	0	0	0	0	0	0	0	0	0	0	0	0	0	0	0	0	0	0	0	0	0	0	0	0	0	0	0	0	0	0	0	0	0	0	0	0	0	0	0	0	0	0	0	0	0	0	0	0	0	0	0	0	0	0	0	0	0	0	0	0	0	0	0	0	0	0	0	0	0	0	0	0	0	0	0	0	0	0	2	0	1	0	0	0	0	0	0	0	0	0	0	0	0	0	0	0	0	0	0	0	0	0	0	0	0	0	0	0	0	0	0	0	0	0	0	0	0	0	0	0	0	0	0	0	0	0	0	0	0	0	0	0	0	0	0	0	0	0	0	0	0	0	0	0	0
k__Bacteria._.p__Firmicutes._.c__Clostridia._.o__Clostridiales._.f__Lachnospiraceae._.g__Roseburia	0	0	0	0	0	5	4	6	21	9	0	0	0	0	0	0	0	0	0	0	0	0	4	0	0	17	0	10	0	0	2	16	0	3	0	4	0	5	0	0	14	0	0	29	8	0	0	1	0	0	0	0	0	0	54	13	0	0	22	5	0	1	0	5	7	0	0	9	0	19	16	1	0	2	0	0	0	0	3	0	0	3	20	0	4	6	1	0	1	1	0	3	3	0	1	1	6	21	2	21	0	10	5	9	51	14	5	1	9	0	0	12	16	1	0	0	3	0	0	1	0	10	0	11	1	0	1	0	0	36	5	10	8	19	0	0	12	14	8	39	0	12	1	8	0	34	0	4	5	11	5	1	39	4	1	1	0	0	1	93	0	0	0	8	0	0	1	1	0	0	0	1	28	42	4	0	0	22	12	17	0	0	9	7	3	17	4	13	43	4	3	1	0	0	0	0	0	15	34	14	0	2	0
k__Bacteria._.p__Firmicutes._.c__Clostridia._.o__Clostridiales._.f__Lachnospiraceae._.g__Ruminococcus2	0	48	52	4	0	7	12	4	1	6	494	0	53	12	0	17	0	0	0	0	63	3	59	0	1	8	0	6	3	6	156	15	0	10	3	21	4	8	4	0	33	0	6	8	20	9	7	2	1	0	0	0	0	23	20	7	0	0	101	0	2	2	0	13	2	0	0	25	10	13	2	1	0	6	0	5	3	0	5	0	10	4	28	2	13	6	17	15	0	2	0	98	4	9	4	0	7	138	2	71	118	1	26	28	46	10	23	10	73	50	1	71	39	6	77	0	10	2	0	131	7	19	8	45	251	33	1	0	0	2	132	11	14	105	3	0	2	9	41	4	0	12	53	7	5	2	6	41	3	16	27	0	0	0	8	2	0	1	1	0	11	0	6	30	24	40	5	1	0	4	1	22	15	4	11	0	640	8	8	5	3	13	13	15	7	13	1	5	17	20	3	6	0	0	0	0	2	3	11	4	5	25	8
k__Bacteria._.p__Firmicutes._.c__Clostridia._.o__Clostridiales._.f__Peptococcaceae_1._.g__	0	0	0	0	0	0	0	0	0	0	0	0	0	0	0	0	0	0	0	0	0	0	1	0	0	0	0	0	0	0	1	0	0	0	0	0	0	4	0	0	0	0	0	56	0	0	0	0	0	0	0	0	0	0	74	0	0	0	1	0	0	0	0	0	0	0	0	0	0	0	0	0	0	0	0	0	0	0	0	0	0	0	0	0	0	6	0	0	0	0	0	0	0	0	0	0	0	0	0	0	0	0	0	0	0	0	0	0	0	0	0	2	0	0	0	0	0	0	0	0	0	0	0	0	0	0	0	0	0	0	0	0	0	0	0	0	0	0	0	0	0	0	0	0	0	177	66	0	0	0	0	0	0	0	27	0	0	0	0	0	0	0	0	0	0	0	0	0	0	0	0	0	0	0	0	0	0	0	8	18	0	0	0	0	0	0	0	1	39	0	0	0	0	0	0	0	0	0	0	1	0	0	0
k__Bacteria._.p__Firmicutes._.c__Clostridia._.o__Clostridiales._.f__Peptostreptococcaceae._.g__Clostridium_XI	41	0	0	0	0	0	0	3	1	1	2	0	11	0	1	2	0	0	0	0	0	19	0	0	0	0	0	1	0	0	2	2	0	0	0	0	2	2	12	8	0	3	6	0	10	2	0	0	0	0	0	0	0	0	3	1	1	0	0	1	0	0	1	0	0	0	0	0	0	0	0	0	1	5	0	0	0	0	0	0	0	0	1	0	0	0	0	0	0	0	0	1	0	1	1	0	0	0	5	0	1	0	0	0	1	2	0	1	8	0	1	10	0	0	10	0	1	0	2	0	0	1	0	0	11	0	3	0	35	4	0	0	0	5	3	0	1	5	0	3	0	4	0	1	22	1	7	0	11	0	8	1	0	15	1	0	5	0	4	6	0	0	0	1	0	0	0	0	0	0	0	0	0	4	0	0	5	1	0	3	0	7	2	1	0	3	7	3	3	21	6	0	5	0	0	0	1	0	2	0	0	0	0
k__Bacteria._.p__Firmicutes._.c__Clostridia._.o__Clostridiales._.f__Peptostreptococcaceae._.g__Peptostreptococcus	0	0	0	0	0	0	0	0	0	0	0	0	0	0	0	0	0	0	0	0	0	0	0	0	0	0	0	0	0	0	0	3	0	0	0	0	0	0	0	0	0	0	3	0	0	0	0	0	0	0	0	0	0	0	0	0	0	0	0	0	0	0	0	0	0	0	0	0	0	0	0	0	0	0	0	0	0	0	0	0	0	0	0	0	0	0	0	6	0	0	0	0	0	0	0	0	0	0	0	0	0	4	0	0	0	0	0	0	0	0	0	0	0	0	0	0	0	0	0	3	0	0	0	0	0	0	0	0	0	0	0	0	0	0	0	3	0	0	0	0	1	1	0	0	0	0	0	0	0	0	0	0	0	0	0	0	0	0	2	0	0	0	0	56	0	14	49	0	0	0	0	0	0	0	0	0	7	0	0	0	0	0	0	0	0	0	0	0	0	0	0	0	0	0	0	0	0	0	0	0	0	0	0
k__Bacteria._.p__Firmicutes._.c__Clostridia._.o__Clostridiales._.f__Ruminococcaceae._.g__	0	0	10	149	0	62	37	99	64	5	2	0	11	10	1	0	1	0	80	0	17	0	27	0	0	40	0	114	1	16	24	13	1	0	2	2	4	93	2	1	97	6	0	55	58	45	5	3	18	0	0	0	0	0	102	7	0	0	106	0	5	4	0	5	0	1	0	7	2	15	6	2	10	102	0	0	0	0	3	3	2	4	10	1	24	34	9	0	0	16	0	2	50	0	42	13	2	30	80	6	5	3	69	20	13	19	43	11	153	58	0	63	20	3	162	1	35	3	0	1	94	24	0	14	39	18	1	0	0	33	98	269	111	51	9	0	80	218	115	197	0	111	110	69	8	248	26	52	129	135	151	23	3	75	185	499	26	3	55	0	5	0	102	90	16	2	26	20	0	4	3	8	27	132	5	0	4	159	122	21	0	7	69	21	23	24	212	87	105	22	39	4	0	0	0	0	0	20	39	45	0	15	0
k__Bacteria._.p__Firmicutes._.c__Clostridia._.o__Clostridiales._.f__Ruminococcaceae._.g__Anaerofilum	0	0	0	0	0	0	0	0	0	0	0	0	0	0	0	0	0	0	0	0	0	0	0	0	0	0	0	0	0	0	0	0	0	0	0	2	0	0	0	0	0	0	0	0	1	23	0	0	0	0	0	0	0	0	0	0	0	0	0	0	0	0	0	0	0	0	0	0	0	0	0	0	0	0	0	0	0	0	0	0	0	0	0	0	0	0	0	0	0	0	0	0	0	1	0	0	0	0	20	0	0	2	0	0	0	0	0	0	0	0	0	0	0	0	0	0	0	0	0	0	0	0	0	0	0	0	0	0	0	0	0	0	0	0	0	0	0	0	0	2	0	0	0	1	0	1	0	1	0	0	1	0	1	0	4	0	0	0	0	0	0	0	0	0	0	0	0	0	0	0	0	0	0	0	0	0	0	0	0	0	0	0	0	0	0	0	0	0	0	0	0	0	0	0	0	0	0	0	0	0	0	0	0
k__Bacteria._.p__Firmicutes._.c__Clostridia._.o__Clostridiales._.f__Ruminococcaceae._.g__Anaerotruncus	0	0	0	0	0	0	0	0	0	0	0	0	0	0	0	0	0	0	0	0	0	0	0	0	0	0	0	0	0	0	0	0	0	0	0	0	0	0	0	0	0	0	0	0	0	0	0	0	0	0	0	0	0	0	0	0	0	0	0	0	0	0	0	0	0	0	0	0	0	0	0	0	0	0	0	0	0	0	0	0	0	0	0	0	0	0	0	0	0	0	0	0	0	0	1	0	0	0	0	0	0	0	0	0	0	1	0	0	0	1	0	0	0	0	1	0	0	0	0	0	0	0	0	0	0	0	0	0	0	0	0	0	0	0	0	0	0	0	0	0	0	0	0	1	0	0	0	0	0	0	0	0	0	0	0	0	0	0	0	0	0	0	0	0	0	0	0	0	0	0	0	0	0	0	0	0	0	0	0	0	0	0	0	0	0	0	0	0	0	0	0	0	0	0	0	0	0	0	0	0	0	0	0
k__Bacteria._.p__Firmicutes._.c__Clostridia._.o__Clostridiales._.f__Ruminococcaceae._.g__Butyricicoccus	0	0	2	1	0	6	9	0	2	4	0	0	1	1	0	0	0	0	2	0	0	0	14	1	0	1	0	3	0	10	19	1	1	14	5	8	0	0	4	0	10	0	0	0	1	0	1	0	0	0	0	0	0	0	1	0	0	0	0	0	1	0	0	1	1	0	0	15	0	6	0	0	0	4	0	0	0	0	3	0	1	0	1	0	3	2	0	0	0	0	0	27	0	6	0	1	1	17	4	2	5	0	12	2	2	8	6	3	3	1	0	2	11	0	13	0	5	0	0	0	4	1	0	13	5	1	0	0	0	0	24	1	23	11	1	0	0	7	2	22	0	26	2	6	0	0	0	5	0	4	2	0	1	0	0	5	0	1	0	11	2	0	0	2	4	6	0	0	0	0	1	3	2	2	0	0	3	7	1	2	0	22	6	1	2	4	9	2	15	1	5	0	0	0	0	0	5	5	8	3	1	2	2
k__Bacteria._.p__Firmicutes._.c__Clostridia._.o__Clostridiales._.f__Ruminococcaceae._.g__Clostridium_III	0	0	0	0	0	6	19	3	0	5	0	0	0	4	0	0	0	0	4	0	0	0	4	0	0	0	0	7	0	0	0	0	6	0	0	5	0	14	4	0	2	2	0	13	4	7	0	1	2	0	0	0	0	0	7	0	0	0	2	0	0	0	0	0	0	0	0	1	0	11	8	0	0	30	0	0	0	0	0	0	0	0	0	0	0	0	0	0	0	0	0	9	2	0	20	0	2	6	12	7	0	0	1	13	3	5	2	0	12	0	0	11	0	0	4	0	158	0	0	0	1	2	0	5	0	0	0	0	0	28	0	6	27	4	1	0	6	7	0	8	0	0	0	9	0	6	0	27	2	6	2	1	11	0	1	0	0	0	3	0	1	0	29	0	14	0	0	0	0	0	0	2	0	10	0	0	0	4	7	7	0	38	3	24	0	2	2	18	6	2	4	0	0	0	0	0	0	2	0	0	0	1	0
k__Bacteria._.p__Firmicutes._.c__Clostridia._.o__Clostridiales._.f__Ruminococcaceae._.g__Clostridium_IV	0	1	0	18	2	15	8	2	5	1	1	0	3	5	0	1	0	0	37	0	4	3	11	0	0	2	0	23	0	2	2	6	0	2	0	2	0	6	0	7	11	4	0	10	54	4	3	0	5	0	0	0	0	0	79	5	0	0	4	0	1	0	0	4	1	0	0	4	1	30	0	1	5	36	0	0	0	0	0	0	1	0	4	0	2	0	0	0	0	0	0	3	16	0	17	1	3	10	26	7	26	0	91	7	7	13	33	33	10	23	0	12	12	2	53	0	25	1	0	3	6	1	0	1	0	0	0	0	0	3	10	61	33	11	15	0	14	17	15	43	0	7	7	62	5	13	9	93	16	45	23	4	8	37	52	95	2	0	15	0	4	0	15	1	0	0	12	4	0	3	0	0	1	184	3	0	2	23	34	18	2	1	63	14	3	12	11	44	26	10	45	0	1	0	0	0	27	14	161	2	1	1	0
k__Bacteria._.p__Firmicutes._.c__Clostridia._.o__Clostridiales._.f__Ruminococcaceae._.g__Ethanoligenens	0	0	0	0	0	0	0	0	0	0	0	0	0	0	0	0	0	0	0	0	0	0	1	0	0	0	0	0	0	0	0	3	0	0	0	0	0	15	0	0	0	1	0	0	0	0	0	0	0	0	0	0	0	0	0	0	0	0	0	0	0	0	0	0	0	0	0	0	0	7	0	0	0	8	0	0	0	0	0	0	0	0	0	0	0	0	0	0	0	0	0	0	1	0	2	0	0	0	8	0	0	0	0	7	0	0	0	0	0	0	0	3	0	0	0	0	0	0	0	0	0	0	0	0	0	0	0	0	0	0	0	0	5	0	0	0	0	2	3	3	0	0	0	5	0	0	0	0	0	0	1	0	0	0	0	0	0	0	0	0	0	0	1	0	0	0	0	0	0	0	0	0	0	0	0	0	0	0	0	0	0	0	0	1	0	0	0	0	0	0	0	0	0	0	0	0	0	0	0	0	0	0	0
k__Bacteria._.p__Firmicutes._.c__Clostridia._.o__Clostridiales._.f__Ruminococcaceae._.g__Faecalibacterium	0	0	58	51	0	139	176	44	63	3	209	0	78	21	314	7	0	0	43	0	2	0	86	14	33	29	0	113	0	6	219	98	12	41	16	2	78	6	0	0	194	5	0	78	12	51	1	102	12	0	1	0	0	0	275	8	2	0	147	0	25	2	0	69	0	0	0	20	19	142	264	11	164	68	0	0	363	0	49	0	9	1	151	0	1	232	0	132	112	3	0	25	113	71	15	14	0	232	31	24	185	70	173	18	319	239	12	298	15	53	0	211	8	58	10	1	41	2	0	146	82	154	2	434	0	17	0	0	1	309	216	10	90	294	30	0	126	166	419	205	1	431	2	45	0	121	10	61	21	43	75	39	308	16	160	8	4	18	19	32	55	0	47	113	127	124	210	9	2	4	128	197	138	75	256	0	142	166	186	108	0	149	142	6	50	56	29	127	116	100	105	12	0	0	5	1	0	37	288	110	0	73	14
k__Bacteria._.p__Firmicutes._.c__Clostridia._.o__Clostridiales._.f__Ruminococcaceae._.g__Flavonifractor	0	0	1	5	0	3	0	1	4	2	0	0	5	9	0	0	0	0	0	0	0	1	20	0	1	2	0	2	0	0	0	1	2	5	0	7	0	5	3	2	25	0	0	6	43	0	2	0	5	0	0	0	0	0	6	4	0	0	4	1	0	2	0	16	0	0	0	6	0	4	5	0	1	3	0	4	2	0	2	0	2	1	13	0	1	10	0	0	1	0	0	10	5	1	14	0	3	2	0	13	0	0	4	6	0	9	31	10	7	2	9	3	6	2	3	0	6	0	0	0	1	2	0	6	0	0	0	0	0	9	3	24	9	7	20	1	13	4	5	5	0	5	3	33	3	8	4	46	1	6	1	0	2	39	0	1	0	0	21	1	0	0	16	0	1	2	0	0	0	0	0	5	4	4	1	0	0	15	3	10	10	7	18	41	1	4	10	18	4	5	24	2	0	0	0	0	1	6	1	2	0	0	1
k__Bacteria._.p__Firmicutes._.c__Clostridia._.o__Clostridiales._.f__Ruminococcaceae._.g__Gemmiger	0	0	0	0	0	0	0	0	0	0	0	0	0	0	0	0	0	0	0	0	0	0	0	0	0	0	0	0	0	0	0	0	0	0	0	0	0	0	0	0	0	0	0	0	0	0	0	0	0	0	0	0	0	0	0	0	0	0	0	0	0	0	0	0	0	0	0	0	0	0	0	0	0	0	0	0	0	0	0	0	0	0	0	0	0	0	0	0	0	0	0	0	0	0	0	0	0	0	0	0	0	0	0	0	0	0	0	0	0	0	0	0	0	0	0	0	0	0	0	0	0	0	0	0	0	0	0	0	0	0	0	0	1	0	0	0	2	0	0	0	0	1	0	0	0	0	0	0	0	1	2	0	0	0	1	0	0	0	0	0	0	0	0	0	0	0	0	0	0	0	0	0	0	0	0	0	0	0	0	0	0	0	0	0	0	0	0	0	0	0	0	0	0	0	0	0	0	0	2	7	0	0	0
k__Bacteria._.p__Firmicutes._.c__Clostridia._.o__Clostridiales._.f__Ruminococcaceae._.g__Oscillibacter	0	2	3	105	0	6	0	12	47	1	0	0	0	3	0	4	0	0	0	0	0	0	27	1	0	3	0	117	0	1	19	17	2	0	0	0	0	8	0	0	86	1	0	53	15	0	1	0	0	0	0	0	0	0	59	26	0	0	121	0	1	0	0	11	0	0	0	4	2	47	0	2	0	11	0	0	0	0	0	0	1	0	43	0	0	48	0	0	0	0	0	2	14	2	45	10	0	41	7	14	2	2	16	6	27	0	15	17	56	10	0	35	5	0	1	0	28	0	0	0	25	5	0	16	0	0	0	0	0	0	1	49	17	18	3	0	295	98	53	147	0	19	1	83	2	74	92	20	3	62	160	0	1	26	163	17	0	6	6	3	0	0	23	23	0	0	29	27	0	0	1	3	36	105	66	0	1	43	34	22	0	4	80	30	11	21	79	65	162	90	101	0	0	1	0	0	0	12	35	46	0	6	0
k__Bacteria._.p__Firmicutes._.c__Clostridia._.o__Clostridiales._.f__Ruminococcaceae._.g__Papillibacter	0	0	0	0	0	0	0	0	0	0	0	0	0	0	0	0	0	0	0	0	0	0	0	0	0	0	0	1	0	0	0	0	0	0	0	0	0	0	0	0	0	0	0	0	5	0	0	0	0	0	0	0	0	0	0	0	0	0	0	0	0	0	0	0	0	0	0	0	0	0	0	0	0	0	0	0	0	0	0	0	0	0	0	0	0	0	0	0	0	0	0	0	0	0	0	0	0	0	0	0	0	0	0	0	0	0	0	0	0	0	0	0	0	0	0	0	0	0	0	0	0	0	0	0	0	0	0	0	0	0	0	0	0	0	0	0	13	0	0	0	0	0	0	0	0	0	0	0	0	0	0	0	0	0	0	0	0	0	0	0	0	0	0	0	0	0	0	0	0	0	0	0	0	0	0	0	0	0	0	0	0	0	0	0	0	0	0	0	0	0	0	0	0	0	0	0	0	0	0	0	0	0	0
k__Bacteria._.p__Firmicutes._.c__Clostridia._.o__Clostridiales._.f__Ruminococcaceae._.g__Pseudoflavonifractor	0	0	0	0	0	0	0	0	0	0	0	0	0	0	0	0	0	0	0	0	0	0	0	0	0	0	0	1	0	0	0	0	0	0	0	2	0	0	0	0	0	0	0	0	7	0	0	0	0	0	0	0	0	0	0	0	0	0	0	0	0	0	0	0	0	0	0	0	0	0	0	0	0	0	0	0	0	0	0	0	0	0	0	0	0	0	0	0	0	0	0	0	0	0	0	0	0	0	0	0	0	0	0	0	0	0	0	0	0	0	0	0	0	0	0	0	0	0	0	0	0	0	0	0	0	0	0	0	0	0	0	0	0	0	0	0	0	0	0	0	0	0	0	0	0	0	0	1	0	0	0	0	0	0	0	0	0	0	0	0	0	0	0	0	0	0	0	0	0	0	0	0	0	0	0	0	0	0	0	0	0	0	0	0	0	0	0	0	0	0	0	0	0	0	0	0	0	1	0	0	0	0	0
k__Bacteria._.p__Firmicutes._.c__Clostridia._.o__Clostridiales._.f__Ruminococcaceae._.g__Ruminococcus	0	0	0	121	0	0	3	22	9	0	0	0	0	0	0	0	0	0	1	0	0	0	0	0	0	0	0	0	0	0	0	0	0	0	0	0	0	0	0	0	7	0	0	3	1	4	0	0	0	0	0	0	0	0	10	14	0	0	4	0	0	0	0	1	0	0	0	1	0	3	1	0	0	4	0	1	0	0	0	0	0	0	1	0	0	1	0	0	0	0	0	0	9	0	3	1	0	22	0	0	0	0	10	1	2	0	2	0	6	0	0	7	0	0	0	0	12	0	0	0	1	0	0	0	0	0	0	0	0	0	0	6	1	27	0	0	7	12	9	4	0	54	0	7	0	11	2	3	1	8	7	0	20	0	5	4	0	0	0	0	0	0	0	0	2	0	0	0	0	0	0	0	0	3	0	0	0	49	0	0	0	0	21	0	0	4	5	9	1	4	9	0	0	0	0	0	0	0	19	9	0	0	0
k__Bacteria._.p__Firmicutes._.c__Clostridia._.o__Clostridiales._.f__Ruminococcaceae._.g__Sporobacter	0	0	0	5	0	0	1	1	1	0	0	0	0	0	0	0	0	0	0	0	0	0	0	0	0	1	0	4	0	0	1	7	0	0	0	0	0	1	0	0	1	0	0	3	1	0	0	0	0	0	0	0	0	0	21	2	0	0	1	0	0	0	0	0	0	0	0	0	0	3	0	0	0	0	0	0	0	0	0	0	0	0	0	0	0	1	0	0	0	0	0	0	0	0	2	0	0	2	0	0	0	0	5	1	0	1	1	0	1	0	0	9	4	0	1	0	1	0	0	0	7	0	0	0	0	0	0	0	0	0	1	0	1	1	3	0	17	17	27	6	0	6	0	5	0	20	45	2	0	15	17	0	0	0	15	0	0	0	0	0	0	0	0	3	0	0	0	0	0	0	0	2	1	6	0	0	0	11	0	4	0	0	4	0	0	0	2	6	9	0	1	0	0	0	0	0	0	0	0	2	0	0	0
k__Bacteria._.p__Firmicutes._.c__Erysipelotrichia._.o__Erysipelotrichales._.f__Erysipelotrichaceae._.g__	0	0	0	0	0	0	0	0	0	0	0	0	0	0	0	0	0	0	0	0	0	0	0	0	0	0	0	0	0	0	0	0	0	0	0	0	0	0	0	0	0	0	0	0	0	0	0	0	0	0	0	0	0	0	0	0	0	0	0	0	0	0	0	0	0	0	0	0	0	0	0	0	0	0	0	0	0	0	0	0	0	0	0	0	0	0	0	0	0	0	0	0	0	0	0	0	0	0	0	0	0	0	0	0	0	0	0	0	0	0	0	0	0	0	0	0	0	0	0	0	0	0	0	0	0	0	0	0	0	0	0	0	0	0	0	1	0	0	0	1	0	0	0	0	0	1	14	0	0	19	1	0	0	0	1	0	0	0	0	0	0	0	0	0	0	0	0	0	0	0	0	0	0	0	0	0	0	0	0	0	0	0	0	0	1	0	0	0	3	0	0	0	0	0	0	0	0	0	0	0	0	0	0
k__Bacteria._.p__Firmicutes._.c__Erysipelotrichia._.o__Erysipelotrichales._.f__Erysipelotrichaceae._.g__Catenibacterium	0	0	29	0	0	70	0	29	5	0	0	0	0	0	0	0	0	0	0	0	0	0	0	0	0	193	0	0	0	0	0	1	0	0	0	0	0	0	0	0	0	0	0	0	0	0	0	1	0	0	0	0	0	0	0	0	0	0	0	0	0	0	0	0	0	0	0	0	0	0	0	0	0	0	0	0	8	0	0	0	0	0	0	0	0	8	0	0	0	0	0	0	0	0	4	0	0	0	0	0	0	1	0	0	0	0	0	0	0	0	0	0	0	6	0	0	0	0	0	0	2	0	0	113	0	38	0	0	0	0	0	0	0	0	0	0	0	0	4	0	0	0	0	0	0	31	0	0	0	26	0	0	0	1	0	0	0	0	0	0	0	0	0	0	0	38	9	0	0	0	0	8	0	0	0	0	0	24	0	0	0	0	70	0	0	0	0	0	0	0	0	0	0	0	0	0	0	0	14	0	0	0	0
k__Bacteria._.p__Firmicutes._.c__Erysipelotrichia._.o__Erysipelotrichales._.f__Erysipelotrichaceae._.g__Clostridium_XVIII	0	27	4	0	0	0	0	0	0	0	97	18	8	2	2	5	0	0	0	0	35	21	2	5	0	0	0	5	1	0	13	0	0	2	1	44	4	3	5	26	3	0	1	8	14	30	0	6	0	0	3	0	0	2	3	1	0	0	5	0	6	6	3	1	12	29	0	16	0	0	1	1	21	2	5	30	4	2	0	0	0	20	2	0	2	12	2	6	0	0	0	3	4	2	0	1	4	52	0	13	1	0	0	3	38	2	4	1	2	6	2	3	4	0	46	1	1	2	0	13	0	0	0	0	19	1	0	0	0	2	19	11	4	3	6	0	0	0	2	6	5	12	0	0	1	2	0	2	9	5	7	15	4	26	6	0	5	0	9	26	3	2	0	16	24	0	0	12	0	2	14	0	0	0	5	0	154	3	0	2	0	23	0	0	5	2	0	0	8	2	0	97	0	0	0	0	22	0	0	3	5	4	1
k__Bacteria._.p__Firmicutes._.c__Erysipelotrichia._.o__Erysipelotrichales._.f__Erysipelotrichaceae._.g__Coprobacillus	0	0	0	0	0	0	0	0	0	0	0	0	0	0	0	0	0	0	0	0	0	0	0	0	0	0	0	0	0	0	0	30	0	0	0	0	0	0	0	0	0	0	0	0	0	0	0	0	0	0	0	0	0	0	0	0	0	0	0	0	0	55	0	0	0	0	0	0	0	0	0	0	0	0	0	0	0	0	4	0	0	0	1	0	0	0	0	0	0	0	0	0	0	0	0	7	10	0	0	6	0	0	0	0	34	0	0	0	1	8	0	3	0	0	4	0	0	0	0	0	1	0	0	0	0	0	0	0	0	0	0	0	1	1	1	0	0	0	4	0	0	0	0	0	2	0	5	5	0	0	1	0	0	2	0	0	0	0	1	1	0	0	4	0	0	0	0	0	0	0	0	0	0	1	0	0	0	1	0	0	0	0	2	0	0	0	1	0	1	0	0	0	0	0	0	0	0	0	0	0	0	0	0
k__Bacteria._.p__Firmicutes._.c__Erysipelotrichia._.o__Erysipelotrichales._.f__Erysipelotrichaceae._.g__Erysipelotrichaceae_incertae_sedis	0	0	21	0	0	3	0	0	0	0	0	0	1	5	0	0	0	0	5	0	0	2	0	0	0	30	0	7	0	0	1	12	1	0	1	12	1	5	0	0	5	1	3	0	0	7	0	1	0	0	0	0	0	0	22	1	0	0	10	0	20	1	0	13	0	0	0	1	1	0	5	0	1	1	1	1	1	0	5	0	0	0	2	0	1	12	0	0	0	0	0	2	0	6	0	3	5	2	2	6	2	0	0	1	1	1	109	3	0	34	0	0	0	0	16	0	0	0	0	1	15	11	0	52	70	43	0	0	0	0	5	0	1	0	0	0	1	0	1	0	0	0	2	1	7	0	16	4	1	5	34	0	4	18	67	1	0	6	3	17	3	0	1	3	1	19	6	7	0	41	0	11	4	0	1	0	1	22	1	8	0	0	3	0	71	0	5	0	0	0	1	0	1	0	0	0	5	1	17	3	0	0	0
k__Bacteria._.p__Firmicutes._.c__Erysipelotrichia._.o__Erysipelotrichales._.f__Erysipelotrichaceae._.g__Holdemania	0	0	0	0	0	0	0	0	0	0	0	0	0	3	0	0	0	0	0	0	0	0	1	0	0	3	0	0	0	0	0	1	0	0	0	0	0	0	0	0	1	0	0	0	1	0	0	0	0	0	0	0	0	0	0	0	0	0	0	0	0	0	0	0	0	0	0	1	0	4	2	0	0	0	0	0	0	0	0	0	0	1	0	0	10	0	0	0	0	0	0	1	0	0	0	1	0	0	1	6	1	0	1	0	2	0	1	0	2	2	0	1	2	0	8	0	1	0	4	0	0	0	0	2	0	0	0	0	0	0	0	1	2	0	0	0	0	2	0	0	0	3	0	3	1	0	0	5	0	0	1	0	0	2	0	5	0	1	1	8	0	0	0	4	0	0	0	1	0	2	0	1	0	1	0	0	0	0	3	1	0	3	3	1	0	0	0	3	0	1	1	0	0	0	0	0	0	2	1	0	0	0	0
k__Bacteria._.p__Firmicutes._.c__Erysipelotrichia._.o__Erysipelotrichales._.f__Erysipelotrichaceae._.g__Turicibacter	14	0	0	0	0	0	0	0	0	0	3	0	0	0	0	0	0	0	0	0	0	56	0	0	0	0	0	0	0	0	0	10	0	0	0	0	0	0	0	0	0	0	0	1	0	0	0	0	0	0	9	1	0	0	0	0	0	0	0	0	0	1	0	0	0	0	0	0	0	0	0	0	0	3	0	0	0	1	0	0	0	0	0	0	0	0	0	0	0	0	0	0	0	0	0	0	0	0	0	0	0	0	0	0	24	0	0	0	0	0	0	5	0	0	0	0	0	0	0	0	0	0	0	0	0	0	0	0	0	0	0	0	0	0	0	0	0	1	0	1	0	0	0	0	0	0	0	0	0	0	2	0	0	1	0	0	0	0	0	0	0	0	0	0	0	0	0	0	0	0	0	0	0	0	0	0	0	0	0	0	0	3	0	0	0	0	1	0	3	0	1	2	0	0	0	0	0	0	0	0	0	0	0
k__Bacteria._.p__Firmicutes._.c__Negativicutes._.o__Selenomonadales._.f__Acidaminococcaceae._.g__	0	0	0	0	0	0	0	0	0	0	0	0	0	0	0	0	0	0	0	0	0	0	0	0	0	0	0	0	0	0	0	0	0	0	0	0	0	0	0	0	0	0	0	0	0	0	0	0	0	0	0	0	0	0	0	0	0	0	0	0	0	0	0	0	0	0	0	0	0	0	0	0	0	0	0	0	0	0	0	0	0	0	0	0	0	0	0	0	0	0	0	0	0	0	0	0	0	0	0	0	0	0	0	0	0	0	0	0	0	0	0	0	0	0	0	0	0	0	0	0	0	0	5	0	0	0	0	0	0	0	0	0	0	0	0	0	10	0	0	0	0	0	0	0	0	0	0	0	0	0	0	0	0	0	0	0	0	0	0	0	0	0	0	0	0	0	0	0	0	0	0	0	0	0	0	0	0	0	0	0	0	0	0	0	0	0	0	0	0	0	0	0	0	0	0	0	0	0	0	0	0	0	0
k__Bacteria._.p__Firmicutes._.c__Negativicutes._.o__Selenomonadales._.f__Acidaminococcaceae._.g__Acidaminococcus	0	0	10	0	0	0	0	0	0	1	0	0	0	0	0	0	0	0	0	0	0	0	0	0	0	21	0	0	0	0	0	1	0	0	0	0	0	0	0	0	0	0	0	0	0	0	0	0	0	0	0	0	0	0	0	0	0	0	0	1	0	0	0	0	0	0	0	0	0	2	0	0	0	66	0	0	0	0	0	0	0	0	0	0	0	0	0	0	0	5	0	0	0	0	0	0	0	0	0	0	0	0	0	12	0	0	73	0	0	0	0	0	116	0	2	0	0	0	0	0	0	0	0	0	0	0	0	0	0	0	0	0	0	0	50	0	0	0	0	0	0	0	33	0	0	0	0	0	0	0	0	0	45	0	0	91	0	0	0	0	0	0	0	11	0	2	32	0	0	0	0	0	76	0	0	0	2	0	0	0	0	0	0	0	0	57	220	0	0	4	1	0	0	0	3	0	0	0	0	0	0	0	0
k__Bacteria._.p__Firmicutes._.c__Negativicutes._.o__Selenomonadales._.f__Acidaminococcaceae._.g__Phascolarctobacterium	0	0	2	5	0	2	0	0	19	32	0	0	7	35	60	7	0	0	1	93	0	1	17	0	0	249	0	90	0	8	1	0	0	14	23	95	0	1	1	7	32	0	0	98	3	0	0	9	0	0	0	2	0	0	2	7	0	0	8	44	0	1	0	46	5	1	0	141	4	22	0	0	0	30	1	0	47	0	0	0	0	57	1	0	65	25	0	17	1	50	0	2	34	0	19	43	0	4	0	0	5	27	0	49	0	0	4	0	22	34	0	0	0	17	0	21	0	6	0	3	0	0	0	114	0	0	32	0	0	0	0	16	11	0	94	2	1	0	0	0	0	0	1	0	0	3	0	145	0	10	40	0	2	30	17	322	5	0	0	0	111	0	50	0	0	3	28	3	0	76	6	57	2	0	0	0	0	0	0	0	1	0	0	0	8	32	0	69	5	44	27	9	0	0	4	0	0	58	52	11	0	9	0
k__Bacteria._.p__Firmicutes._.c__Negativicutes._.o__Selenomonadales._.f__Acidaminococcaceae._.g__Succiniclasticum	0	0	0	0	0	0	0	0	0	0	0	0	0	0	0	0	0	0	0	0	0	0	0	0	0	0	0	0	0	0	0	2	0	0	0	0	0	0	0	0	0	0	0	0	0	0	0	0	0	0	0	0	0	0	0	0	0	0	0	0	0	0	0	0	0	0	0	0	0	0	0	0	0	0	0	0	0	0	0	0	0	0	22	0	0	0	0	0	0	0	0	0	0	0	0	0	0	0	0	0	0	0	0	0	3	5	0	0	1	0	0	0	0	0	0	0	0	0	0	0	0	0	0	0	0	0	0	0	0	0	0	0	0	0	0	0	0	0	0	0	0	0	0	0	0	0	0	0	0	0	0	0	0	0	0	0	0	0	3	0	0	0	0	0	0	0	0	0	0	0	0	0	0	0	0	0	0	0	0	0	0	0	0	0	0	0	0	0	0	0	0	0	0	0	0	0	0	0	0	0	0	0	0
k__Bacteria._.p__Firmicutes._.c__Negativicutes._.o__Selenomonadales._.f__Veillonellaceae._.g__	0	0	0	1	0	1	0	0	3	0	0	0	1	0	0	0	0	0	0	0	0	0	7	0	0	0	0	0	0	0	0	0	0	0	0	0	0	0	0	0	2	0	0	0	0	1	0	0	0	0	0	0	0	0	0	0	0	0	0	0	0	0	0	0	0	0	0	1	0	1	0	0	0	0	0	0	0	0	0	0	0	0	0	0	0	0	0	0	0	0	0	0	0	0	0	0	0	0	0	0	0	0	1	1	0	0	0	0	3	0	0	0	0	0	0	0	0	0	0	0	0	0	0	0	0	0	0	0	0	0	0	1	2	0	0	0	0	1	2	2	0	0	0	0	0	0	6	1	2	0	2	0	0	0	1	0	0	0	0	0	0	0	4	0	0	0	3	0	0	0	0	0	1	0	0	0	0	1	2	1	0	0	3	3	0	3	2	5	4	2	0	0	0	0	0	0	0	0	1	0	0	0	0
k__Bacteria._.p__Firmicutes._.c__Negativicutes._.o__Selenomonadales._.f__Veillonellaceae._.g__Dialister	0	60	3	0	0	0	7	45	62	0	0	0	40	9	8	0	0	0	135	1	2	0	0	3	0	0	0	1	0	0	24	9	30	0	1	0	49	6	4	0	1	1	7	0	55	1	101	0	0	0	0	1	0	0	1	51	0	0	16	0	0	0	0	0	0	0	0	0	0	0	4	4	2	0	0	0	0	0	2	0	10	0	0	0	0	0	6	1	0	0	0	5	1	0	0	0	22	0	70	45	0	22	6	0	3	0	4	0	1	0	0	490	136	0	0	0	99	0	0	0	14	0	0	1	0	17	0	0	0	63	11	0	4	20	2	0	0	117	93	74	0	0	0	71	0	87	0	0	95	0	0	0	8	1	0	0	0	3	6	12	0	0	0	173	78	36	44	0	1	0	1	2	64	31	13	0	2	26	30	74	1	94	104	4	7	125	76	1	2	117	0	0	0	0	0	0	16	0	1	0	0	0	0
k__Bacteria._.p__Firmicutes._.c__Negativicutes._.o__Selenomonadales._.f__Veillonellaceae._.g__Megamonas	0	0	0	0	0	0	0	0	0	0	0	0	0	0	0	0	0	0	0	0	0	0	0	0	0	0	0	0	0	0	0	0	0	0	0	87	0	0	0	0	0	0	0	0	0	0	0	0	0	0	0	0	0	0	0	0	0	0	0	2	0	0	0	0	0	0	0	0	0	0	0	0	0	0	0	0	0	0	0	0	0	0	0	0	0	0	0	0	0	0	0	0	0	0	0	0	0	0	0	0	0	0	0	0	0	0	0	0	0	0	0	4	0	0	0	0	0	0	0	2	0	316	0	1	0	0	0	0	0	0	0	0	0	0	0	0	0	0	0	0	0	0	0	0	0	0	0	0	0	0	0	1	0	0	0	0	0	0	0	0	0	0	0	0	0	0	0	0	0	0	0	0	0	0	0	0	0	0	0	0	0	0	0	0	0	0	0	0	0	0	0	0	0	0	0	0	0	64	0	0	0	0	0
k__Bacteria._.p__Firmicutes._.c__Negativicutes._.o__Selenomonadales._.f__Veillonellaceae._.g__Megasphaera	0	13	0	0	0	4	0	0	0	0	0	0	0	0	3	0	0	0	0	0	0	0	3	0	121	32	0	0	0	0	6	4	0	0	0	0	0	3	0	0	0	1	0	0	0	0	41	0	1	0	0	0	0	0	0	0	0	0	0	0	0	0	0	0	0	0	0	0	0	0	0	15	0	0	0	0	0	0	0	0	0	0	1	0	0	0	0	0	0	0	0	0	0	0	0	0	5	0	0	2	0	0	0	1	0	0	181	0	0	40	0	0	185	4	0	0	0	1	0	0	0	0	0	0	0	0	0	0	0	0	0	0	0	0	0	0	0	0	0	0	0	0	0	0	0	1	0	0	0	0	0	0	18	0	0	0	0	0	0	0	0	0	1	0	0	1	9	0	0	0	0	1	3	0	0	0	0	65	4	56	0	2	0	0	1	189	101	6	0	1	0	0	0	0	0	0	1	0	0	0	0	0	0
k__Bacteria._.p__Firmicutes._.c__Negativicutes._.o__Selenomonadales._.f__Veillonellaceae._.g__Mitsuokella	0	0	0	0	0	0	0	0	0	0	0	0	0	0	0	0	0	0	0	0	0	0	0	0	0	0	0	0	0	0	0	0	0	0	0	0	0	0	0	0	0	0	0	0	0	0	0	0	0	0	0	0	0	0	0	0	0	0	0	0	0	0	0	0	0	0	0	0	0	0	0	0	0	0	0	0	0	0	0	0	0	0	0	0	0	0	0	0	0	0	0	0	0	0	0	0	0	0	0	0	0	0	0	0	0	0	0	0	0	0	0	0	0	0	0	0	0	0	0	0	0	0	0	0	0	0	0	0	0	0	0	0	0	0	0	0	0	0	48	0	0	0	0	0	0	0	0	0	0	0	0	0	0	0	0	0	0	0	0	0	0	0	0	0	0	0	26	0	0	0	0	0	0	0	0	0	0	0	0	0	0	0	0	0	1	11	4	0	0	0	0	0	0	0	0	0	0	0	0	0	0	0	0
k__Bacteria._.p__Firmicutes._.c__Negativicutes._.o__Selenomonadales._.f__Veillonellaceae._.g__Veillonella	0	7	343	0	6	0	0	0	0	0	1	0	1	89	7	0	0	1	0	7	1	0	0	26	20	0	0	3	0	10	1	21	6	111	4	8	102	4	3	0	0	13	45	0	11	11	181	33	12	1	1	4	0	1	12	1	4	0	7	0	0	0	0	0	173	10	3	1	0	1	0	17	3	0	53	53	8	38	4	0	2	0	1	1	1	0	7	7	33	0	0	81	0	9	0	1	0	1	0	0	0	84	0	1	14	5	0	0	0	0	0	1	0	35	1	1	0	8	0	128	0	0	0	5	6	0	1	46	0	2	1	1	0	3	45	6	0	1	0	1	0	1	94	0	4	4	0	0	1	0	0	9	12	0	0	0	94	1	0	3	2	0	5	5	0	3	6	7	3	3	3	8	32	1	0	1	0	0	46	1	0	16	0	0	27	8	0	0	0	3	0	0	0	2	2	1	2	1	2	0	1	0	10
k__Bacteria._.p__Fusobacteria._.c__Fusobacteriia._.o__Fusobacteriales._.f__Fusobacteriaceae._.g__Cetobacterium	0	0	0	0	0	0	0	0	0	0	0	0	0	0	0	0	0	0	0	0	0	0	0	0	0	0	0	0	0	0	0	0	0	0	0	13	0	0	0	0	0	0	0	0	0	0	0	0	0	0	8	0	0	649	0	0	0	0	0	0	0	0	0	0	0	0	0	0	0	0	0	0	0	0	0	0	0	0	0	0	0	0	0	0	0	0	0	0	0	0	0	0	0	0	0	0	0	0	0	0	0	0	0	0	0	0	0	0	0	0	0	0	0	0	0	0	0	0	0	0	0	0	0	0	0	0	0	0	0	0	0	0	0	0	0	0	0	0	0	0	0	0	0	0	0	0	0	0	0	0	0	0	0	0	0	0	0	0	0	0	0	0	0	0	0	0	0	0	0	0	0	0	0	0	0	0	0	0	0	0	0	0	0	0	0	0	0	0	0	0	0	0	0	0	0	0	0	0	0	0	0	0	0
k__Bacteria._.p__Fusobacteria._.c__Fusobacteriia._.o__Fusobacteriales._.f__Fusobacteriaceae._.g__Clostridium_XIX	0	0	0	0	0	0	0	0	0	0	0	0	0	0	0	0	0	0	0	0	0	0	0	0	0	0	0	0	0	0	0	0	0	0	0	0	0	0	0	0	0	0	0	0	0	0	0	0	0	0	0	0	0	0	0	0	0	0	0	0	0	0	0	0	0	0	0	0	0	0	0	0	0	0	0	0	0	0	0	0	0	0	0	0	0	0	0	0	0	0	0	0	0	0	0	0	0	0	0	0	0	0	0	0	0	0	0	0	0	0	0	0	0	0	0	0	0	0	0	0	0	0	0	0	0	0	0	0	0	0	0	0	0	0	0	0	0	0	0	0	0	0	0	0	0	0	0	0	0	0	0	0	0	0	0	0	0	0	0	0	0	0	0	0	0	0	0	0	0	0	5	0	1	0	0	0	0	0	0	0	0	0	0	4	0	2	0	1	0	0	0	0	0	0	0	0	0	0	0	0	0	0	0
k__Bacteria._.p__Fusobacteria._.c__Fusobacteriia._.o__Fusobacteriales._.f__Fusobacteriaceae._.g__Fusobacterium	0	53	49	0	7	0	0	0	0	0	0	0	0	0	0	0	0	0	0	0	0	54	0	3	1	0	0	0	0	1	1	1	0	0	0	0	0	0	0	0	0	5	4	0	0	0	64	1	0	0	0	737	0	1	0	0	0	0	117	0	0	0	12	10	126	0	0	0	0	0	0	46	0	0	0	0	0	994	0	0	1	0	0	0	0	0	0	1	2	0	0	5	0	0	0	0	0	0	0	0	0	6	0	0	0	0	0	0	19	0	0	0	0	49	0	0	0	0	0	9	0	0	0	430	0	0	1	0	0	0	1	0	0	0	0	12	0	0	0	0	1	0	0	0	0	0	0	0	0	0	4	0	0	0	0	0	1	0	0	0	0	1	0	3	0	148	86	0	0	0	839	69	0	0	0	0	0	0	1	0	0	0	0	0	0	0	0	0	0	1	0	0	0	1	0	0	0	0	0	0	0	0	0
k__Bacteria._.p__Fusobacteria._.c__Fusobacteriia._.o__Fusobacteriales._.f__Leptotrichiaceae._.g__Leptotrichia	0	0	0	0	0	0	0	0	0	0	0	0	0	0	0	0	0	0	0	0	0	0	0	0	0	0	0	0	0	0	0	0	0	0	0	0	0	0	0	0	0	21	0	0	0	0	0	0	0	0	0	0	0	0	0	0	0	0	0	0	0	0	0	0	0	0	0	0	0	0	0	0	0	0	0	0	0	0	0	0	0	0	0	0	0	0	0	0	0	0	0	0	0	0	0	0	0	0	0	0	0	0	0	0	0	0	0	0	0	0	0	0	0	0	0	0	0	0	0	0	0	0	0	0	0	0	0	0	0	0	0	0	0	0	0	0	0	0	0	0	0	0	0	0	0	0	0	0	0	0	0	0	0	0	0	0	0	0	0	0	0	0	0	0	0	0	0	0	0	0	0	0	0	0	0	0	0	0	0	0	0	0	0	0	0	0	0	0	0	0	0	0	0	0	0	0	0	0	0	0	0	0	0
k__Bacteria._.p__Lentisphaerae._.c__Lentisphaeria._.o__Victivallales._.f__Victivallaceae._.g__Victivallis	0	0	0	0	0	0	0	0	0	0	0	0	0	0	0	0	0	0	0	0	0	0	0	0	0	0	0	0	0	0	0	0	0	0	0	0	0	0	0	0	0	0	0	0	0	0	0	0	0	0	0	0	0	0	0	0	0	0	0	0	0	0	0	0	0	0	0	0	0	0	0	0	0	0	0	0	0	0	0	0	0	0	0	0	0	0	0	0	0	0	0	0	0	0	0	0	0	0	0	0	0	0	0	0	0	0	0	0	0	0	0	0	0	0	0	0	0	0	0	0	0	0	0	0	0	0	0	0	0	0	0	0	0	0	0	0	0	0	0	0	0	0	0	0	0	0	15	0	0	0	0	0	0	0	6	0	0	0	0	0	0	0	0	0	0	0	0	0	0	0	0	0	0	0	0	0	0	2	0	0	0	0	3	0	0	0	0	2	2	0	0	0	0	0	0	0	0	0	0	0	0	0	0
k__Bacteria._.p__Proteobacteria._.c__._.o__._.f__._.g__	0	0	0	0	0	0	0	0	0	0	0	0	0	0	0	0	0	0	0	0	0	0	0	0	0	0	0	0	0	0	0	0	0	0	0	0	0	0	0	0	0	0	0	0	0	0	0	0	0	0	0	0	0	0	0	0	0	0	0	0	0	0	0	0	0	0	0	0	0	0	0	0	0	0	0	0	0	0	0	0	0	0	0	0	0	0	0	0	0	0	0	0	0	0	0	0	0	0	0	0	0	0	0	0	0	0	0	0	0	0	0	0	1	9	0	0	1	0	0	1	0	0	0	0	2	0	0	0	0	0	0	0	0	0	0	0	0	0	0	0	0	0	0	0	0	0	0	0	0	0	0	0	0	0	0	0	0	0	0	0	0	0	0	0	0	0	0	0	0	0	0	0	0	0	0	0	0	0	0	0	0	0	0	0	0	0	0	0	0	0	0	0	0	0	0	0	0	0	0	0	0	0	0
k__Bacteria._.p__Proteobacteria._.c__Alphaproteobacteria._.o__Caulobacterales._.f__Caulobacteraceae._.g__Brevundimonas	1	0	0	0	0	0	0	0	0	0	0	0	0	0	0	0	0	0	0	0	0	0	0	0	0	0	0	0	0	0	0	0	0	0	0	0	0	0	0	0	0	0	0	0	0	0	0	0	0	0	0	0	0	0	0	0	0	0	0	0	0	0	0	0	0	0	0	0	0	0	0	0	0	0	0	0	0	0	0	0	0	0	0	0	0	0	0	0	0	0	0	0	0	0	0	0	0	0	0	0	0	0	0	0	0	0	0	0	0	0	0	0	0	0	0	0	0	0	0	0	0	0	0	0	0	0	0	0	0	0	0	0	0	0	0	0	0	0	0	0	0	0	0	0	0	0	9	0	0	0	0	0	0	0	0	0	0	0	0	0	0	0	0	0	0	0	0	0	0	0	0	0	0	0	0	0	0	0	0	0	0	0	0	0	0	0	0	0	0	0	0	0	0	0	0	0	0	0	0	0	0	0	0
k__Bacteria._.p__Proteobacteria._.c__Alphaproteobacteria._.o__Rhizobiales._.f__Brucellaceae._.g__Ochrobactrum	0	0	0	0	0	0	0	0	0	0	0	0	0	0	0	0	0	0	0	0	0	0	0	0	0	0	0	0	0	0	0	0	0	0	0	0	0	0	0	0	0	0	0	0	0	0	0	0	0	0	0	0	0	0	0	0	0	0	0	0	0	0	0	0	0	0	0	0	0	0	0	0	0	0	0	0	0	0	0	0	0	0	0	0	0	0	0	0	0	0	0	0	0	0	0	0	0	0	0	0	0	0	0	0	0	0	0	0	0	0	0	0	0	0	0	0	0	0	0	0	0	0	0	0	0	0	0	0	0	0	0	0	0	0	0	0	0	0	0	0	71	0	0	0	0	0	0	0	0	0	0	0	0	0	0	0	0	0	0	0	0	0	0	0	0	0	0	0	0	0	0	0	0	0	0	0	0	0	0	0	0	0	0	0	0	0	0	0	0	0	0	0	0	0	0	0	0	0	0	0	0	0	0
k__Bacteria._.p__Proteobacteria._.c__Betaproteobacteria._.o__Burkholderiales._.f__._.g__	0	0	0	0	0	0	0	0	0	0	0	0	0	0	0	0	0	0	1	0	0	0	0	0	1	0	0	0	0	0	0	22	0	0	0	0	0	5	0	0	0	0	141	0	0	0	0	0	0	0	0	0	0	0	0	0	0	0	0	0	0	0	0	0	0	0	0	0	0	0	0	0	0	0	0	0	2	1	0	0	0	0	0	0	0	4	0	0	0	0	0	0	0	0	0	0	0	0	0	0	110	0	0	0	0	0	0	0	0	0	0	0	0	0	0	0	0	0	0	0	0	0	0	11	0	0	0	0	0	35	0	0	1	0	0	0	0	1	0	0	0	0	0	0	0	0	1	0	0	0	0	0	0	0	0	0	0	0	0	0	0	0	0	0	0	0	0	0	0	0	0	1	0	0	0	0	0	0	0	0	2	0	0	1	0	0	0	0	0	0	0	0	0	0	0	0	0	0	0	0	0	0	0
k__Bacteria._.p__Proteobacteria._.c__Betaproteobacteria._.o__Burkholderiales._.f__Alcaligenaceae._.g__	0	0	0	0	0	0	0	0	0	0	0	0	0	0	0	0	0	0	0	0	0	0	0	0	0	0	0	0	0	0	0	0	0	0	0	0	0	0	0	0	0	0	0	0	0	0	0	0	0	0	0	0	0	0	0	0	0	0	0	0	0	0	0	0	0	0	0	0	0	0	0	0	0	0	0	0	0	0	0	0	0	0	0	0	0	0	0	0	0	0	0	0	0	0	0	0	0	0	0	0	0	0	0	0	0	0	0	0	0	0	0	0	0	0	0	0	0	0	0	0	0	0	0	0	0	0	0	0	0	0	0	0	0	0	0	2	0	0	0	0	5	0	0	0	0	0	0	0	0	0	0	0	0	0	0	0	0	0	0	0	0	0	0	0	0	0	0	0	0	0	0	0	0	0	0	0	0	0	0	0	0	0	0	0	0	0	0	0	0	0	0	0	0	0	0	0	0	0	0	0	0	0	0
k__Bacteria._.p__Proteobacteria._.c__Betaproteobacteria._.o__Burkholderiales._.f__Alcaligenaceae._.g__Alcaligenes	0	0	0	0	0	0	0	0	0	0	0	0	0	0	0	0	0	3	0	0	0	0	0	0	0	0	0	0	0	0	0	5	0	0	0	0	0	3	0	0	0	0	0	0	0	0	0	0	0	0	0	0	0	0	0	0	0	0	0	0	0	0	0	0	0	0	0	0	0	0	0	0	0	0	0	0	0	0	0	0	0	0	0	0	0	0	0	0	0	0	0	0	0	0	0	0	0	0	0	0	0	0	0	0	0	0	0	0	0	0	0	0	0	0	0	0	0	0	0	0	0	0	0	0	0	0	0	0	0	0	0	0	0	0	0	0	0	0	0	0	0	0	0	0	0	0	0	0	0	0	0	0	0	0	0	0	0	0	0	0	0	0	0	0	0	0	0	0	0	0	0	0	0	0	0	0	0	0	0	0	0	0	0	0	0	0	0	0	0	0	0	0	0	0	0	0	0	0	0	0	0	0	0
k__Bacteria._.p__Proteobacteria._.c__Betaproteobacteria._.o__Burkholderiales._.f__Burkholderiaceae._.g__	0	0	0	0	0	0	0	0	0	0	0	0	0	0	0	0	0	0	0	0	0	0	0	0	0	0	0	0	0	0	0	0	0	0	0	0	0	0	0	0	0	0	0	0	0	0	0	0	0	0	0	0	0	0	0	0	0	0	0	0	0	0	0	0	0	0	0	0	0	0	0	0	0	0	0	0	0	0	0	0	0	0	0	0	0	0	0	0	0	0	0	0	0	0	0	0	0	0	0	0	0	0	0	1	0	0	0	0	0	0	0	0	0	0	0	0	0	0	0	0	0	0	0	0	0	0	0	0	0	0	0	0	0	0	0	0	0	0	0	0	0	0	0	0	0	0	0	0	0	0	0	0	0	0	0	0	0	0	0	0	0	0	0	0	0	0	0	0	0	0	0	0	0	0	0	0	0	0	0	0	0	0	0	0	0	0	0	0	0	0	0	0	0	0	0	0	0	0	17	1	0	0	0
k__Bacteria._.p__Proteobacteria._.c__Betaproteobacteria._.o__Burkholderiales._.f__Comamonadaceae._.g__Acidovorax	0	0	0	0	0	0	0	0	0	0	0	0	0	0	0	0	0	0	0	0	0	0	0	0	0	0	0	0	0	0	0	0	0	0	0	0	0	0	0	0	0	0	0	0	0	0	0	0	0	0	0	0	0	0	0	0	0	0	0	0	0	0	0	0	0	0	0	0	0	0	0	0	0	0	0	0	0	0	0	0	0	0	0	0	0	0	0	0	0	0	0	0	0	0	1	0	0	6	0	0	0	0	0	0	0	0	0	0	0	0	0	0	0	0	0	0	0	0	0	0	0	0	0	0	0	0	0	0	0	0	0	0	0	0	0	0	0	0	0	0	0	0	0	0	0	0	0	0	0	0	0	0	0	0	0	0	0	0	0	0	0	0	0	0	0	0	0	0	0	0	0	0	0	0	0	0	0	0	0	0	0	0	0	0	0	0	0	0	0	0	0	0	0	0	0	0	0	0	0	0	0	0	0
k__Bacteria._.p__Proteobacteria._.c__Betaproteobacteria._.o__Burkholderiales._.f__Comamonadaceae._.g__Comamonas	1	0	0	0	0	0	0	0	0	0	0	0	0	0	0	0	0	1	0	0	0	0	0	0	0	0	0	0	0	0	0	88	0	1	0	0	0	55	0	0	0	0	0	0	0	0	0	0	0	0	0	0	0	0	5	0	0	0	0	0	0	0	0	0	0	0	0	0	0	0	0	0	0	0	0	0	0	0	0	0	0	0	0	0	0	0	0	0	0	0	0	0	0	0	0	0	0	0	0	0	0	0	0	0	0	0	0	0	0	0	0	0	0	2	0	0	0	0	0	0	0	0	0	0	0	0	0	0	0	0	1	0	0	0	0	0	0	0	0	0	1	0	0	0	0	2	1	0	0	0	0	0	0	0	0	0	0	0	0	0	0	0	0	0	0	0	0	43	0	0	0	0	0	0	309	0	0	0	0	0	0	0	1	0	0	0	0	0	0	0	0	0	0	0	0	0	0	0	0	0	0	0	0
k__Bacteria._.p__Proteobacteria._.c__Betaproteobacteria._.o__Burkholderiales._.f__Comamonadaceae._.g__Delftia	0	0	0	0	0	0	0	0	0	0	0	0	0	0	0	0	0	0	0	0	0	0	0	0	0	0	0	0	0	0	0	3	0	0	0	0	0	4	0	0	0	0	0	0	0	0	0	0	0	0	0	0	0	0	1	0	0	0	0	0	0	0	0	0	0	0	0	0	0	0	0	0	0	0	0	0	0	0	0	0	0	0	0	0	0	0	0	0	0	0	0	0	0	0	0	0	0	1	0	0	0	0	0	0	0	0	0	0	0	0	0	0	0	0	0	0	0	0	0	0	0	0	0	0	0	0	0	0	0	0	0	0	0	0	0	0	0	0	0	0	39	0	0	0	0	0	0	0	0	0	0	0	0	0	0	0	0	0	0	0	0	0	0	0	0	0	0	0	0	0	0	0	0	0	0	0	0	0	0	0	0	0	0	0	0	0	0	0	0	0	0	0	0	0	0	0	0	0	0	0	0	0	0
k__Bacteria._.p__Proteobacteria._.c__Betaproteobacteria._.o__Burkholderiales._.f__Oxalobacteraceae._.g__Oxalobacter	0	0	0	0	0	0	0	0	0	0	0	0	0	0	0	0	0	0	0	0	0	0	0	0	0	0	0	0	0	0	0	0	0	0	0	0	0	0	0	0	0	0	0	0	0	0	0	0	0	0	0	0	0	0	0	0	0	0	0	0	0	0	0	0	0	0	0	0	0	0	0	0	0	0	0	0	0	0	0	0	0	0	0	0	0	0	0	0	0	0	0	0	0	0	0	0	0	0	0	0	0	0	0	0	0	0	0	0	0	0	0	0	0	0	0	0	0	0	0	0	0	0	0	0	0	0	0	0	0	0	0	0	0	0	0	0	0	0	0	0	0	0	0	1	0	0	2	0	0	0	0	0	0	0	4	0	0	0	0	0	0	0	0	0	0	0	4	0	0	0	0	0	0	0	0	0	0	0	0	0	0	0	2	0	1	0	0	1	1	0	0	0	0	0	0	0	0	0	0	0	0	0	0
k__Bacteria._.p__Proteobacteria._.c__Betaproteobacteria._.o__Burkholderiales._.f__Sutterellaceae._.g__Parasutterella	0	0	1	0	0	21	57	66	15	0	1	0	0	11	0	0	0	1	0	0	0	0	1	0	32	2	0	2	30	0	1	1	25	0	1	0	0	0	48	1	0	1	0	18	0	85	0	0	1	0	0	0	0	0	0	0	0	0	0	0	0	0	0	71	0	0	0	46	0	0	35	0	0	9	0	0	0	0	21	0	0	0	3	0	0	0	8	0	0	0	0	0	31	0	0	0	0	1	85	0	0	22	5	29	4	0	9	21	13	48	75	0	2	0	0	0	16	0	0	1	0	0	0	0	0	0	0	0	0	1	21	1	89	14	0	0	7	0	0	11	0	10	58	28	0	6	1	2	57	19	17	0	22	16	22	9	0	9	38	0	0	0	0	131	0	0	0	2	1	15	0	0	0	0	2	0	0	0	0	0	119	29	10	0	1	2	27	2	0	5	0	0	0	0	0	0	0	0	0	0	0	13	22
k__Bacteria._.p__Proteobacteria._.c__Betaproteobacteria._.o__Burkholderiales._.f__Sutterellaceae._.g__Sutterella	0	0	4	2	0	0	0	0	0	0	0	0	0	0	0	0	0	0	0	0	0	0	41	99	0	48	2	3	0	0	19	1	0	0	2	31	45	1	0	0	7	4	1	0	0	0	0	18	0	0	0	0	0	0	0	1	0	1	3	3	0	0	40	0	0	0	0	8	0	0	0	0	6	0	0	0	113	48	0	0	2	0	1	0	0	28	0	17	2	0	0	0	1	0	2	0	71	11	0	0	0	0	0	0	0	17	4	0	0	0	2	7	11	4	0	0	0	2	0	95	2	0	0	39	0	2	0	0	0	0	0	6	8	0	13	5	41	0	19	0	0	0	0	13	1	16	0	0	0	0	0	25	0	0	0	0	0	0	0	1	0	0	0	0	17	45	11	0	54	1	87	70	53	14	0	0	19	26	8	56	0	0	57	37	0	56	0	57	37	91	0	0	0	0	0	0	18	56	7	3	0	82	0
k__Bacteria._.p__Proteobacteria._.c__Betaproteobacteria._.o__Neisseriales._.f__Neisseriaceae._.g__	0	0	0	0	0	0	0	0	0	0	0	0	0	0	0	0	0	0	0	0	0	0	0	0	0	0	0	1	0	0	0	0	0	0	0	0	1	0	0	0	0	0	0	0	0	0	0	0	0	0	0	0	0	0	0	0	0	0	0	0	0	0	0	0	0	0	0	0	0	0	0	11	0	0	0	0	0	0	0	0	0	0	0	0	0	0	0	0	0	0	0	0	0	0	0	0	0	0	0	0	0	0	0	0	0	0	0	0	0	0	0	0	0	0	0	0	0	0	0	0	0	0	0	0	0	0	0	0	0	0	0	0	0	0	0	0	0	0	0	0	0	0	0	0	0	0	0	0	0	0	0	0	0	0	0	0	0	0	0	0	0	0	0	0	0	0	0	0	0	0	0	0	0	0	0	0	0	0	0	0	0	0	0	0	0	0	0	0	0	0	0	0	0	0	0	0	0	0	0	0	0	0	0
k__Bacteria._.p__Proteobacteria._.c__Betaproteobacteria._.o__Neisseriales._.f__Neisseriaceae._.g__Neisseria	0	0	3	0	0	0	0	0	0	0	0	0	0	0	0	0	0	0	0	0	0	0	0	0	0	0	0	0	0	0	0	0	0	0	0	0	0	0	0	0	0	21	0	0	0	0	0	0	0	0	0	0	0	0	0	0	0	0	0	0	0	0	0	0	0	0	0	0	0	0	0	0	0	0	0	0	0	0	0	0	0	0	0	0	0	0	0	0	0	0	0	0	0	0	0	0	0	0	0	0	0	0	0	0	0	0	0	0	0	0	0	0	0	1	0	0	0	0	0	0	0	0	0	0	0	0	0	0	0	0	0	0	0	0	0	0	0	0	0	0	0	0	0	0	0	0	0	0	0	0	0	0	0	0	0	0	1	0	0	0	0	0	0	0	0	0	0	0	0	0	0	0	0	0	1	0	0	0	0	0	0	0	0	0	1	0	0	0	0	0	0	0	0	0	0	0	0	0	0	0	0	0	0
k__Bacteria._.p__Proteobacteria._.c__Deltaproteobacteria._.o__Desulfovibrionales._.f__Desulfovibrionaceae._.g__	0	0	0	0	0	0	0	0	1	0	0	0	0	0	0	0	0	0	0	0	0	0	0	0	0	0	0	0	0	0	0	0	0	0	0	0	0	0	0	0	0	0	0	0	0	0	0	0	0	0	0	0	0	0	0	0	0	0	0	0	0	0	0	0	0	0	0	0	0	0	0	0	0	0	0	0	0	0	0	0	0	0	0	0	0	0	0	0	0	0	0	0	1	0	0	0	0	0	0	0	0	0	0	0	0	0	0	0	0	0	0	0	0	0	0	0	0	0	0	0	0	0	0	0	0	0	0	0	0	0	0	0	0	0	0	0	0	0	0	0	0	0	0	0	0	0	0	0	0	0	0	0	0	0	1	0	0	0	0	0	0	0	0	0	0	1	0	0	0	0	0	0	0	0	0	0	0	0	0	1	0	0	0	0	0	0	0	0	0	0	0	0	0	0	0	0	0	0	0	0	0	0	0
k__Bacteria._.p__Proteobacteria._.c__Deltaproteobacteria._.o__Desulfovibrionales._.f__Desulfovibrionaceae._.g__Bilophila	0	20	3	0	0	0	0	0	1	3	0	0	14	6	1	3	0	0	0	0	0	4	5	9	1	3	0	14	10	0	4	2	2	0	9	4	0	0	5	2	1	0	0	4	1	0	11	3	0	0	0	0	0	0	0	0	0	0	2	0	42	0	0	0	0	3	0	7	28	2	0	3	0	0	0	0	12	0	0	0	0	0	4	0	12	1	0	8	0	35	0	0	1	3	0	0	21	0	0	0	10	0	0	2	0	1	3	0	2	9	0	1	9	0	13	1	5	7	1	1	3	1	20	1	0	32	17	0	0	9	0	0	3	0	1	0	0	0	0	0	0	0	0	1	0	0	2	2	2	0	0	4	0	0	0	20	1	5	1	0	0	0	0	37	0	0	0	1	11	9	4	8	3	0	0	0	0	0	0	1	12	1	1	0	8	0	0	0	1	0	5	0	1	0	0	0	4	1	0	0	0	0	0
k__Bacteria._.p__Proteobacteria._.c__Deltaproteobacteria._.o__Desulfovibrionales._.f__Desulfovibrionaceae._.g__Desulfovibrio	0	0	0	0	0	0	0	0	0	0	0	0	5	0	0	0	0	0	0	0	0	0	0	0	0	0	0	0	5	0	0	0	0	0	0	0	0	0	0	0	0	0	0	0	0	0	0	0	0	0	0	0	0	0	0	0	0	0	0	0	0	0	0	0	0	0	0	0	0	0	0	0	0	0	0	0	0	0	0	0	0	0	1	0	0	3	0	0	0	0	0	0	0	0	0	5	0	0	0	0	0	0	0	0	0	0	54	0	0	0	0	1	0	0	0	0	0	0	0	0	0	0	0	0	0	1	0	0	0	0	0	0	1	0	0	0	0	0	0	0	0	0	0	2	0	0	0	0	0	0	5	0	0	0	3	0	0	0	0	0	0	0	0	0	0	2	1	1	0	0	2	0	0	0	0	0	0	0	0	0	0	0	0	0	0	0	0	1	4	0	0	0	0	0	0	0	0	0	0	0	0	0	0
k__Bacteria._.p__Proteobacteria._.c__Epsilonproteobacteria._.o__Campylobacterales._.f__Campylobacteraceae._.g__Campylobacter	0	0	33	0	0	0	0	0	0	0	0	0	1	0	0	0	0	0	0	0	0	0	0	0	5	0	0	3	0	11	0	54	0	1	0	5	1	0	0	0	0	1293	15	0	0	0	0	0	0	6	1	5	3	0	0	0	0	0	1	0	0	0	0	0	7	0	0	0	7	1	0	2	0	0	0	1	1	0	1	0	0	0	0	0	0	17	0	0	0	28	0	0	0	9	1	0	0	0	0	0	0	0	0	0	0	0	0	0	0	7	0	0	0	873	0	0	0	0	2	0	0	34	0	0	0	0	0	0	0	0	0	0	0	0	0	1	0	0	0	0	0	0	0	0	0	0	0	0	0	0	0	9	0	0	0	0	2	0	0	0	0	0	0	0	0	0	0	0	0	0	0	0	0	0	0	0	0	0	0	0	0	0	0	0	0	0	0	0	0	0	0	0	0	0	0	78	0	0	0	0	0	0	0
k__Bacteria._.p__Proteobacteria._.c__Gammaproteobacteria._.o__._.f__._.g__	0	0	0	0	0	0	0	0	0	0	0	0	0	0	0	0	0	0	0	0	0	0	0	0	0	0	2	0	0	0	3	0	0	0	0	0	0	0	0	0	0	1	0	0	0	0	0	5	0	0	0	0	0	0	0	0	0	0	0	0	0	0	0	0	0	0	0	0	0	0	0	0	0	0	0	0	0	0	0	0	0	0	0	0	0	0	0	0	0	0	0	0	0	0	0	0	0	0	0	0	0	0	0	0	0	0	0	0	0	0	0	0	0	0	0	0	0	0	0	0	0	0	0	0	0	0	0	0	0	0	0	0	0	0	0	0	0	0	0	0	0	0	0	0	0	0	0	0	0	0	0	0	0	0	0	0	0	0	0	0	0	0	0	0	0	0	0	0	0	0	0	0	0	0	0	0	0	0	0	0	0	0	0	0	0	0	0	0	0	0	0	0	0	0	0	0	0	0	0	0	0	0	0
k__Bacteria._.p__Proteobacteria._.c__Gammaproteobacteria._.o__Aeromonadales._.f__Aeromonadaceae._.g__Aeromonas	0	0	0	0	0	0	0	0	0	0	0	0	0	0	0	0	0	0	0	0	0	0	0	0	0	0	0	0	0	0	0	0	0	0	0	0	0	0	0	0	0	3	0	0	0	0	1	455	0	0	0	0	0	0	0	0	0	0	0	0	0	0	0	0	0	0	0	0	0	0	0	0	0	0	0	0	0	0	0	0	0	0	0	0	0	0	0	0	0	0	0	0	0	0	0	0	0	0	0	0	0	0	0	0	0	0	0	0	0	0	0	0	0	0	0	0	0	0	0	0	0	0	0	0	0	0	0	130	0	0	0	0	0	0	0	0	0	0	0	0	0	0	0	0	0	0	0	0	0	0	0	0	0	0	0	0	0	0	0	0	0	0	0	0	0	0	0	0	0	0	0	2	0	0	0	0	0	0	0	0	0	0	0	0	884	0	0	0	0	0	0	0	0	318	0	0	0	0	0	0	0	0	0
k__Bacteria._.p__Proteobacteria._.c__Gammaproteobacteria._.o__Alteromonadales._.f__Shewanellaceae._.g__Shewanella	0	0	0	0	0	0	0	0	0	0	0	0	0	0	0	0	0	0	0	0	0	0	0	0	0	0	3	0	0	0	0	0	0	0	0	0	0	0	0	0	0	0	0	0	0	0	0	10	0	0	0	0	0	0	0	0	0	0	0	0	0	0	0	0	0	0	0	0	0	0	0	0	0	0	0	0	0	0	0	0	0	0	0	0	0	0	0	0	0	0	0	0	0	0	0	0	0	0	0	0	0	0	0	0	0	0	0	0	0	0	0	0	0	0	0	0	0	0	0	0	0	0	0	0	0	0	0	0	0	0	0	0	0	0	0	0	0	0	0	0	0	0	0	0	0	0	0	0	0	0	0	0	0	0	0	0	0	0	0	0	0	0	0	0	0	0	0	0	0	0	0	0	0	0	0	0	0	0	0	0	0	0	0	0	0	0	0	0	0	0	0	0	493	0	0	1	0	0	0	0	0	0	0
k__Bacteria._.p__Proteobacteria._.c__Gammaproteobacteria._.o__Enterobacteriales._.f__Enterobacteriaceae._.g__	17	6	2	0	0	0	0	0	0	4	1	0	3	1	0	4	8	44	69	17	4	0	0	13	2	6	68	2	0	7	0	6	0	30	15	2	42	0	19	1214	2	50	1	1	1	5	15	47	0	271	0	0	4	0	2	9	1	242	5	97	28	2	2	47	7	11	14	0	250	0	27	7	0	0	3	0	4	0	59	81	156	7	3	218	299	1	10	9	0	6	23	28	2	57	6	268	1	2	0	0	0	1	0	0	5	0	0	1	0	4	0	0	0	2	1	8	0	5	187	2	4	0	12	0	35	145	38	17	42	10	1	0	0	0	0	214	4	0	81	7	415	1	5	1	399	0	0	0	0	0	4	29	0	0	12	7	124	591	0	0	7	170	8	1	22	16	138	169	232	7	35	0	9	38	598	3	4	0	90	0	3	3	0	0	203	0	0	0	58	0	36	1	11	375	28	36	9	0	3	13	2	1	1
k__Bacteria._.p__Proteobacteria._.c__Gammaproteobacteria._.o__Enterobacteriales._.f__Enterobacteriaceae._.g__Cronobacter	1818	581	235	0	0	0	0	2	0	301	766	657	765	192	117	1361	1707	959	198	623	220	789	41	524	1035	59	304	44	825	211	238	64	10	602	106	102	87	240	198	514	12	52	112	25	22	6	121	121	0	738	1919	204	1338	295	615	107	870	747	77	505	122	405	122	106	143	100	52	21	49	6	15	20	2	0	8	1	441	43	1136	1754	917	756	512	1256	313	699	938	201	479	886	820	9	23	27	99	82	8	4	10	18	0	1	2	0	2	0	0	47	21	0	234	1	1	8	0	1070	0	771	12	339	572	0	200	30	255	542	726	1134	118	4	0	0	4	0	0	600	157	0	2	0	441	0	1	3	5	5	362	0	0	19	6	49	177	21	2	7	288	2	2	10	809	561	237	89	471	675	305	252	327	404	180	153	291	36	300	1992	291	3	121	16	39	78	5	2	101	4	4	2	6	13	1	574	636	125	416	586	108	34	245	1318	132	0	1
k__Bacteria._.p__Proteobacteria._.c__Gammaproteobacteria._.o__Enterobacteriales._.f__Enterobacteriaceae._.g__Kluyvera	0	0	0	0	0	0	0	0	0	0	0	0	0	0	0	0	0	0	0	0	0	0	0	0	0	0	0	0	0	0	0	0	0	0	0	0	0	0	0	0	0	0	0	0	0	0	0	0	0	0	0	0	0	0	0	0	0	0	0	0	0	0	0	0	0	0	0	0	0	0	0	0	0	0	0	0	0	0	0	0	0	0	0	0	0	0	0	0	0	0	0	0	0	0	0	0	0	0	0	0	0	0	0	0	0	0	0	0	0	0	0	0	0	0	0	0	0	0	0	0	0	0	0	0	0	0	0	0	0	0	0	0	0	0	0	8	0	0	0	0	54	0	0	0	1	0	0	0	0	0	0	0	0	0	0	0	11	0	0	0	0	0	0	0	0	0	0	0	0	0	0	0	0	0	0	0	0	0	0	0	0	0	0	0	0	0	0	0	0	0	0	0	0	0	0	0	0	0	0	0	0	0	0
k__Bacteria._.p__Proteobacteria._.c__Gammaproteobacteria._.o__Enterobacteriales._.f__Enterobacteriaceae._.g__Proteus	0	0	0	0	0	0	0	0	0	3	0	0	12	0	0	0	10	1	0	0	0	0	0	0	0	0	12	0	0	0	0	0	0	0	0	0	0	0	0	0	0	0	0	0	0	0	0	0	0	0	0	0	0	0	0	0	0	0	0	0	0	0	0	0	23	0	0	0	0	0	0	0	0	0	0	0	0	0	0	0	0	0	0	0	0	0	19	0	0	0	0	22	0	0	0	0	0	0	0	2	0	0	0	0	0	0	0	0	0	0	0	0	0	0	0	0	0	0	0	0	0	0	0	0	68	0	0	0	2	0	0	0	0	0	0	0	0	0	0	0	0	0	0	0	0	0	0	0	0	0	0	0	0	0	0	0	0	0	0	0	0	0	0	0	0	0	0	0	0	0	0	0	0	0	0	0	0	0	0	0	0	0	0	0	0	0	0	0	0	0	0	0	50	0	0	0	0	0	0	0	0	0	0
k__Bacteria._.p__Proteobacteria._.c__Gammaproteobacteria._.o__Enterobacteriales._.f__Enterobacteriaceae._.g__Providencia	0	0	0	0	0	0	0	0	0	0	0	0	0	0	0	0	0	0	0	0	0	0	0	0	0	0	0	0	0	0	0	0	0	0	0	0	0	0	0	0	0	0	0	0	0	0	0	0	0	0	0	0	0	0	0	0	0	0	0	0	0	0	0	0	0	0	0	0	0	0	0	0	0	0	0	0	0	0	0	0	0	0	0	0	0	0	0	0	0	0	0	0	0	0	0	0	0	0	0	0	0	0	0	0	0	0	0	0	0	0	0	0	0	0	0	0	0	0	0	0	0	0	0	0	0	0	0	0	0	0	0	0	0	0	0	0	0	0	0	0	0	0	0	0	0	0	0	0	0	0	0	0	0	0	0	0	0	0	0	0	4	16	0	0	0	0	0	5	0	0	1	2	0	0	0	0	2	0	0	0	0	0	0	0	0	0	0	0	0	0	0	0	0	0	0	0	0	0	0	0	0	0	0
k__Bacteria._.p__Proteobacteria._.c__Gammaproteobacteria._.o__Enterobacteriales._.f__Enterobacteriaceae._.g__Raoultella	0	0	0	0	0	0	0	0	0	0	0	0	0	0	0	0	0	0	0	0	0	0	0	0	0	0	0	0	0	0	0	0	0	0	0	0	0	0	0	0	0	0	0	0	0	0	0	0	0	0	0	0	0	0	0	0	0	0	0	3	2	0	0	3	0	0	0	0	0	0	0	0	0	0	0	0	0	0	0	0	0	0	0	0	0	0	0	0	0	0	0	0	0	0	0	0	0	0	0	0	0	0	0	0	0	0	0	0	0	1	0	0	0	0	0	0	0	0	0	0	0	0	0	0	1	0	0	0	0	1	0	0	0	0	0	2	0	0	0	0	4	0	0	0	0	0	0	0	0	0	0	0	0	0	0	0	0	0	0	0	0	0	0	0	0	0	0	0	0	0	0	0	0	0	0	0	0	0	0	0	0	0	0	0	0	0	0	0	0	0	0	0	0	0	0	0	0	0	0	0	0	0	0
k__Bacteria._.p__Proteobacteria._.c__Gammaproteobacteria._.o__Enterobacteriales._.f__Enterobacteriaceae._.g__Salmonella	0	71	0	0	0	0	0	0	0	2	0	14	7	5	1	0	277	132	194	12	1	0	0	196	2	54	211	2	3	0	0	26	0	123	250	1	142	978	497	125	0	140	2	0	0	119	445	289	0	363	0	0	4	0	10	769	19	437	6	104	696	790	130	46	1	979	1354	0	277	0	423	588	0	0	286	0	3	0	31	0	0	0	0	0	0	0	14	0	0	0	0	0	0	0	6	393	0	0	0	0	0	4	0	0	0	0	0	0	0	29	0	0	0	3	1	29	0	6	106	1	1	0	210	0	94	472	43	50	1712	72	2	1	0	0	0	0	0	0	0	0	0	0	0	0	0	0	0	0	0	0	0	0	0	0	0	0	0	0	0	0	0	10	0	0	2	0	0	2	149	0	2	0	0	0	0	4	0	0	0	0	0	0	0	0	0	0	0	0	0	0	2	0	45	1130	885	1	28	0	1	12	851	886	672
k__Bacteria._.p__Proteobacteria._.c__Gammaproteobacteria._.o__Enterobacteriales._.f__Enterobacteriaceae._.g__Serratia	0	0	0	0	0	0	0	0	0	0	0	0	0	0	0	0	0	0	0	1	0	0	0	0	0	0	1	0	0	0	0	0	0	0	0	0	0	0	0	0	0	0	0	0	0	0	0	0	0	0	0	0	0	0	0	0	0	0	0	0	0	0	0	0	0	0	0	0	0	0	0	0	0	0	0	0	0	0	0	0	0	0	0	0	0	0	0	0	0	0	0	0	0	6	0	12	0	0	0	0	0	0	0	0	0	0	0	0	0	0	0	0	0	0	0	0	0	0	0	0	0	0	0	0	0	0	0	0	0	0	0	0	0	0	0	0	0	0	0	0	0	0	0	0	0	0	0	0	0	0	0	0	0	0	0	0	0	0	0	0	0	0	0	0	0	0	0	0	0	0	0	0	0	0	0	0	0	0	0	0	0	0	0	0	0	0	0	0	0	0	0	0	1	1	0	0	0	0	0	0	0	0	0
k__Bacteria._.p__Proteobacteria._.c__Gammaproteobacteria._.o__Enterobacteriales._.f__Enterobacteriaceae._.g__Shimwellia	0	0	0	0	0	0	0	0	0	0	0	0	0	0	0	0	0	0	0	0	0	0	0	0	0	0	0	0	0	0	0	0	0	0	0	0	0	0	0	0	0	0	0	0	0	0	0	0	0	0	0	0	0	0	0	0	0	0	0	0	0	0	0	0	0	0	0	0	0	0	0	0	0	0	0	0	0	0	0	0	0	0	0	0	0	0	0	0	0	0	0	0	0	0	0	0	0	0	0	0	0	0	0	0	0	0	0	0	0	0	0	0	0	1	0	0	0	29	0	9	14	0	0	0	2	0	0	1	0	0	0	0	0	0	0	0	0	0	0	0	0	0	0	0	0	0	0	0	0	0	0	0	0	0	0	0	0	0	0	0	0	0	0	0	0	0	0	0	0	0	0	0	0	0	0	0	0	0	0	0	0	0	0	0	0	0	0	0	0	0	0	0	0	0	0	0	0	0	0	0	0	0	0
k__Bacteria._.p__Proteobacteria._.c__Gammaproteobacteria._.o__Enterobacteriales._.f__Enterobacteriaceae._.g__Yersinia	0	0	0	0	0	0	0	0	0	0	0	0	0	0	0	0	0	2	0	0	0	0	0	0	0	0	89	0	0	0	0	0	0	1	0	0	0	0	0	0	27	0	0	0	0	0	0	0	0	0	0	0	0	0	0	0	0	0	0	11	0	0	0	0	0	0	0	0	0	0	0	0	0	0	0	0	0	0	2	72	0	0	0	38	6	0	118	0	0	0	0	0	0	0	0	0	0	0	0	0	0	0	0	0	6	0	0	0	0	0	0	0	0	0	0	0	0	0	0	0	0	0	0	0	0	0	0	0	0	0	0	0	0	0	0	13	0	0	0	0	9	0	0	0	1	0	0	0	0	0	0	0	0	0	0	0	0	0	0	0	0	191	12	0	0	0	0	0	0	0	0	0	0	0	0	0	0	0	0	0	0	0	0	0	4	0	0	0	0	0	0	0	7	0	0	0	0	0	0	0	0	0	0
k__Bacteria._.p__Proteobacteria._.c__Gammaproteobacteria._.o__Pasteurellales._.f__Pasteurellaceae._.g__	0	0	0	0	0	0	0	0	0	0	1	0	0	0	1	0	0	0	0	0	16	0	0	0	0	0	0	1	0	0	0	1	0	0	0	0	0	0	0	0	0	5	0	0	0	0	0	1	1	0	0	0	0	0	0	0	0	0	0	0	0	0	0	0	0	0	0	0	0	0	0	67	0	0	7	0	0	2	0	0	1	0	0	1	0	0	0	0	0	0	0	0	0	71	0	1	0	0	0	0	0	0	0	0	1	19	0	0	0	0	0	19	0	0	0	0	1	0	5	15	0	0	0	1	0	0	4	0	28	2	0	0	0	0	0	0	0	0	0	0	0	0	0	0	0	0	0	0	0	0	0	1	0	0	0	0	0	0	0	0	1	0	0	0	0	0	0	0	1	0	0	0	0	0	0	0	1	0	0	0	0	2	0	0	0	0	0	0	0	0	0	1	0	1	0	1	0	0	0	0	1	0	0
k__Bacteria._.p__Proteobacteria._.c__Gammaproteobacteria._.o__Pasteurellales._.f__Pasteurellaceae._.g__Actinobacillus	0	0	0	0	0	0	0	0	0	0	0	0	0	0	0	0	0	0	0	0	0	0	0	0	0	0	0	0	0	0	0	0	0	0	0	0	0	0	0	0	0	0	0	0	0	0	0	0	0	0	0	0	0	0	0	0	0	0	0	0	0	0	0	0	0	0	0	0	0	0	0	140	0	0	2	0	1	0	1	0	0	0	0	0	0	0	0	0	0	0	0	1	0	0	0	0	0	0	0	0	0	11	0	0	0	0	0	0	0	0	0	0	0	0	0	0	0	0	0	0	0	0	0	0	0	0	0	0	0	0	0	0	0	0	0	0	0	0	0	0	0	0	0	0	0	0	0	0	0	0	0	0	0	0	0	0	0	0	0	0	0	0	0	0	0	0	0	0	0	0	0	0	0	0	0	0	0	0	0	0	0	0	0	0	0	0	0	0	0	0	0	0	0	0	0	0	0	0	0	0	0	0	0
k__Bacteria._.p__Proteobacteria._.c__Gammaproteobacteria._.o__Pasteurellales._.f__Pasteurellaceae._.g__Aggregatibacter	0	0	0	0	0	0	0	0	0	0	0	0	0	0	0	0	0	0	0	0	0	0	0	0	0	0	0	0	0	0	0	0	0	0	0	0	0	0	0	0	0	0	0	0	0	0	0	0	0	0	0	0	0	0	0	0	0	0	0	0	0	0	0	0	0	0	0	0	0	0	0	0	0	0	0	0	0	0	0	0	0	0	0	0	0	0	0	0	0	0	0	0	0	0	0	0	0	0	0	0	0	0	0	0	0	0	0	0	0	0	0	0	0	0	0	0	0	0	0	0	0	0	0	0	0	0	0	0	0	0	0	0	0	0	0	0	0	0	0	0	0	0	0	0	0	0	0	0	0	0	0	0	0	0	0	0	0	0	0	0	0	0	0	0	0	0	0	0	3	0	0	0	0	0	0	0	0	0	0	0	0	0	0	0	0	0	0	0	0	0	0	0	0	0	0	0	0	0	0	0	0	0	0
k__Bacteria._.p__Proteobacteria._.c__Gammaproteobacteria._.o__Pasteurellales._.f__Pasteurellaceae._.g__Haemophilus	93	16	25	0	0	0	0	0	0	0	35	0	0	4	35	0	0	0	30	6	59	0	0	0	3	0	0	29	1	0	6	62	4	36	0	2	0	13	0	0	0	20	15	0	0	24	0	6	9	0	4	0	4	8	0	1	0	1	5	0	0	3	1	2	5	13	4	0	0	0	0	33	0	0	37	0	6	59	7	0	0	0	4	12	4	2	1	15	109	2	0	0	0	67	0	8	0	0	0	9	30	14	0	0	65	0	0	0	0	0	0	26	0	0	0	0	0	0	0	19	0	0	0	0	0	0	1	0	56	0	0	0	0	3	5	2	0	0	1	4	0	2	0	0	0	0	0	0	0	1	0	15	16	0	0	0	14	7	1	2	27	3	1	11	0	0	0	1	1	0	7	20	0	0	0	0	5	0	5	0	0	7	0	0	12	3	0	0	0	0	1	10	0	0	0	10	0	0	5	0	7	0	4
k__Bacteria._.p__Proteobacteria._.c__Gammaproteobacteria._.o__Pasteurellales._.f__Pasteurellaceae._.g__Pasteurella	0	0	0	0	0	0	0	0	0	0	0	0	0	0	0	0	0	0	0	0	0	0	0	0	0	0	0	0	0	0	0	0	0	0	0	0	0	0	0	0	0	0	0	0	0	0	0	0	0	0	1	0	0	0	0	0	0	0	1	0	0	0	0	0	0	4	0	0	0	0	0	15	0	0	1	0	0	0	0	0	0	0	0	0	0	0	0	0	0	0	0	0	0	0	0	0	0	0	0	0	0	0	0	0	0	0	0	0	0	0	0	0	0	0	0	0	0	0	0	0	0	0	0	0	0	0	0	0	0	0	0	0	0	0	0	0	0	0	0	0	0	0	0	0	0	0	0	0	0	0	0	0	0	0	0	0	0	0	0	0	0	0	0	0	0	0	0	0	0	0	0	0	0	0	0	0	0	0	0	0	0	0	0	0	0	0	0	0	0	0	0	0	0	0	0	0	0	0	0	0	0	0	0
k__Bacteria._.p__Proteobacteria._.c__Gammaproteobacteria._.o__Pseudomonadales._.f__Moraxellaceae._.g__Acinetobacter	0	0	0	0	0	0	0	0	0	0	0	0	0	0	0	0	0	12	0	0	0	0	0	0	0	0	0	0	0	0	0	0	0	0	0	0	0	0	0	0	0	2	0	0	0	0	0	1	0	0	0	0	0	0	0	0	0	0	0	0	0	0	0	0	0	0	0	0	87	0	0	0	0	0	0	0	0	0	0	0	0	0	0	20	0	0	0	0	0	0	0	0	0	0	0	0	0	0	0	0	0	0	0	0	0	0	0	0	0	0	0	0	0	0	0	0	0	0	0	0	0	0	0	0	0	0	0	0	0	0	0	0	0	0	0	293	0	0	0	0	257	0	0	0	0	0	122	0	0	0	0	0	0	0	0	0	0	0	0	0	0	0	0	0	0	0	0	0	0	1	0	0	0	0	0	0	0	0	0	0	0	0	2	0	0	0	0	0	0	0	0	0	16	0	0	0	0	0	0	0	0	0	0
k__Bacteria._.p__Proteobacteria._.c__Gammaproteobacteria._.o__Pseudomonadales._.f__Pseudomonadaceae._.g__Pseudomonas	0	0	0	0	0	0	0	0	0	0	0	0	0	0	0	0	0	2	0	4	0	0	0	0	0	0	0	63	0	0	0	0	0	0	0	0	0	0	0	0	63	0	0	0	0	0	0	0	0	0	0	0	0	0	0	0	0	0	0	0	0	0	0	0	0	0	0	0	364	0	0	0	0	0	0	0	0	0	0	0	2	0	0	0	0	1	0	0	0	0	0	0	706	0	0	0	0	0	1	0	0	0	0	0	0	0	0	0	0	0	0	0	0	0	3	0	0	734	0	0	722	0	0	0	0	0	0	0	0	0	0	0	0	0	0	132	300	0	0	0	136	0	0	0	0	0	5	0	0	0	0	0	0	0	27	0	0	582	0	0	0	0	0	0	0	409	39	0	0	4	0	0	0	0	0	0	0	0	0	0	0	0	1	0	65	0	0	0	0	0	0	0	0	0	0	0	0	0	0	0	0	0	0
k__Bacteria._.p__Proteobacteria._.c__Gammaproteobacteria._.o__Xanthomonadales._.f__Xanthomonadaceae._.g__Stenotrophomonas	0	0	0	0	0	0	0	0	0	0	0	0	0	0	0	0	0	37	0	0	0	0	0	0	0	0	0	0	0	0	0	0	0	0	0	0	0	1	0	0	0	1	0	0	0	0	0	0	0	0	0	0	0	0	0	0	0	0	0	0	0	0	0	0	0	0	0	0	11	0	3	0	0	0	0	0	0	0	0	0	0	0	0	0	0	0	0	0	0	0	0	0	0	0	0	0	0	0	0	0	0	0	0	0	0	0	0	0	0	0	0	0	0	0	0	0	0	0	0	0	0	0	0	0	0	0	0	0	0	0	0	0	0	0	0	214	0	0	0	0	52	0	0	0	0	0	0	0	0	0	0	0	0	0	0	0	0	0	0	0	0	0	0	0	0	0	0	0	0	0	0	0	0	0	0	0	0	0	0	0	0	0	0	0	0	0	0	0	0	0	3	0	0	0	0	0	0	0	0	0	0	0	0
k__Bacteria._.p__Synergistetes._.c__Synergistia._.o__Synergistales._.f__Synergistaceae._.g__Cloacibacillus	0	0	0	0	0	0	0	0	0	0	0	0	0	0	0	0	0	0	0	0	0	0	0	0	0	0	0	0	0	0	0	0	0	0	0	0	0	0	0	0	0	0	0	0	0	0	0	0	0	0	0	0	0	0	0	0	0	0	1	0	0	0	0	0	0	0	0	0	0	0	0	0	0	0	0	0	0	0	0	0	0	0	0	0	0	0	0	0	0	0	0	0	0	0	0	0	0	0	0	0	0	0	0	0	0	0	0	0	0	0	0	0	0	0	0	0	0	0	0	0	0	0	0	0	0	0	0	0	0	0	0	0	0	0	0	0	0	0	0	0	0	0	0	11	0	0	0	0	0	0	0	0	0	0	0	0	0	1	0	0	0	0	0	0	0	0	1	0	0	0	0	0	0	0	0	0	0	0	0	0	0	0	0	0	0	0	0	0	0	0	0	0	0	0	0	0	0	0	0	0	0	0	0
k__Bacteria._.p__Tenericutes._.c__Mollicutes._.o__Anaeroplasmatales._.f__Anaeroplasmataceae._.g__Asteroleplasma	0	0	0	0	0	0	0	0	7	0	0	0	0	0	0	0	0	0	0	0	0	0	0	0	0	0	0	0	0	0	2	0	0	0	0	0	0	0	0	0	0	0	0	0	0	0	0	0	0	0	0	0	0	0	0	0	0	0	0	0	0	0	0	0	0	0	0	0	0	0	0	0	0	0	0	0	0	0	0	0	0	0	0	0	0	0	0	0	0	0	0	0	0	0	0	1	0	0	0	0	0	0	0	0	0	0	0	0	0	0	0	0	0	0	0	0	0	0	0	0	0	0	0	0	0	0	0	0	0	0	0	0	0	0	0	0	0	0	0	0	0	0	0	0	0	4	0	0	0	0	0	0	0	0	0	0	0	0	0	0	0	0	0	0	0	0	0	0	0	0	0	0	0	0	0	0	0	290	0	0	0	0	0	0	0	0	0	0	0	0	0	0	0	0	0	0	0	0	0	0	0	0	0
k__Bacteria._.p__Verrucomicrobia._.c__Opitutae._.o__Puniceicoccales._.f__Puniceicoccaceae._.g__	0	0	0	0	0	0	0	0	0	0	0	0	0	0	0	0	0	0	0	0	0	0	0	0	0	0	0	0	0	0	0	0	0	0	0	0	0	0	0	0	0	0	0	0	0	0	0	0	0	0	0	0	0	0	0	0	0	0	0	0	0	0	0	0	0	0	0	0	0	0	0	0	0	0	0	0	0	0	0	0	0	0	0	0	0	0	0	0	0	0	0	0	0	0	0	0	0	0	0	0	0	0	0	0	0	0	0	0	0	0	0	0	0	0	0	0	0	0	0	0	0	0	0	0	0	0	0	0	0	0	0	0	0	0	0	0	0	0	0	1	0	0	0	0	0	0	0	0	0	0	0	0	0	0	1	0	0	0	0	0	0	0	0	0	0	0	0	0	0	0	0	0	0	0	0	0	0	0	0	1	0	0	0	0	0	0	0	0	0	0	0	0	0	0	0	0	0	0	0	0	0	0	0
k__Bacteria._.p__Verrucomicrobia._.c__Verrucomicrobiae._.o__Verrucomicrobiales._.f__Verrucomicrobiaceae._.g__Akkermansia	0	27	0	47	0	0	0	0	0	0	0	0	1	2	0	1	0	0	0	0	0	0	1	0	0	0	0	5	0	0	9	0	0	0	0	0	0	0	0	0	0	0	0	58	1	0	0	3	0	0	0	0	0	0	18	2	0	0	0	4	0	0	0	0	0	0	0	0	0	0	0	0	31	0	0	0	0	0	0	0	109	0	0	0	0	0	0	0	0	0	0	0	17	0	75	0	12	0	13	2	0	0	1	8	0	0	0	0	59	0	24	0	0	0	15	0	0	0	0	0	0	2	0	0	0	0	0	0	0	0	0	0	12	0	2	0	0	1	0	3	0	0	0	5	0	0	42	2	0	0	0	0	0	5	7	0	0	0	27	0	0	0	69	1	0	0	0	0	0	5	0	0	1	25	0	0	0	6	0	0	0	1	2	15	0	0	3	4	0	0	15	0	1	0	0	0	158	0	0	0	0	1	0
