#OTU ID	FR-026	FR-027	FR-030	FR-039	FR-040	FR-052	FR-053	FR-060	FR-105	FR-110	FR-113	FR-115	FR-116	FR-125	FR-129	FR-132	FR-139	FR-142	FR-152	FR-156	FR-161	FR-166	FR-169	FR-170	FR-173	FR-187	FR-194	FR-198	FR-200	FR-208	FR-212	FR-213	FR-214	FR-215	FR-221	FR-223	FR-229	FR-276	FR-281	FR-294	FR-298	FR-302	FR-305	FR-316	FR-328	FR-344	FR-349	FR-390	FR-393	FR-399	FR-400	FR-414	FR-419	FR-430	FR-450	FR-451	FR-459	FR-460	FR-496	FR-500	FR-503	FR-505	FR-506	FR-507	FR-510	FR-539	FR-542	FR-551	FR-552	FR-558	FR-568	FR-596	FR-606	FR-617	FR-626	FR-628	FR-643	FR-654	FR-664	FR-666	FR-667	FR-672	FR-682	FR-684	FR-696	FR-716	FR-719	FR-721	FR-722	FR-723	FR-726	FR-728	FR-730	FR-734	FR-751	FR-759	FR-767	FR-768	FR-770	FR-772	FR-780	FR-783	FR-788	FR-790	FR-792	FR-812	FR-817	FR-820	FR-824	FR-825	FR-826	FR-827	FR-828	FR-829	FR-830	FR-835
k__._.p__._.c__._.o__._.f__._.g__	35	36	51	64	83	92	37	48	91	47	32	68	21	73	71	26	44	29	15	149	52	95	341	26	115	36	52	36	20	42	24	21	40	57	43	29	44	25	35	84	67	62	30	51	79	47	33	54	40	45	51	20	24	18	23	23	24	31	35	55	27	29	48	33	22	37	24	140	24	19	26	24	91	39	23	60	84	28	44	53	26	35	25	32	57	33	30	26	183	34	24	33	40	36	36	41	30	56	42	37	38	24	86	16	45	37	28	29	32	44	36	50	75	40	30	32
k__Archaea._.p__Euryarchaeota._.c__Methanobacteria._.o__Methanobacteriales._.f__Methanobacteriaceae._.g__Methanobacterium	0	0	0	0	0	0	0	0	0	0	0	0	0	0	0	0	0	0	0	0	0	0	0	0	0	0	0	0	0	0	0	0	0	0	0	0	0	1	0	0	0	0	0	0	0	0	0	0	0	0	0	0	0	0	0	0	0	0	0	0	0	0	0	0	0	0	0	0	0	0	0	0	0	0	0	0	0	0	0	0	0	0	0	0	0	0	0	0	0	0	0	0	0	0	0	0	0	0	0	0	0	0	0	0	0	0	0	0	0	437	0	0	0	0	0	0
k__Archaea._.p__Euryarchaeota._.c__Methanobacteria._.o__Methanobacteriales._.f__Methanobacteriaceae._.g__Methanobrevibacter	2	303	0	190	28	1	23	7	55	723	97	1	17	0	0	1	0	0	1104	1	0	1	57	0	20	100	0	3860	1201	1	88	183	310	0	1098	935	2	0	0	47	281	385	1	10	0	3	0	0	0	307	135	715	329	0	0	344	14	358	559	0	2	0	3	27	170	3871	0	85	0	0	0	0	2	558	1	0	331	2650	1059	3	1696	297	0	76	0	0	0	0	44	653	0	0	3	604	3	134	0	2237	941	0	310	0	2213	1	0	82	0	0	0	2	0	0	11	257	18	3
k__Archaea._.p__Euryarchaeota._.c__Methanobacteria._.o__Methanobacteriales._.f__Methanobacteriaceae._.g__Methanosphaera	0	0	0	0	3	0	0	0	0	0	25	0	0	0	0	0	0	0	0	0	0	0	0	0	0	0	0	0	1	0	43	0	0	0	273	0	0	3	0	76	0	0	0	0	0	0	0	0	0	109	16	0	12	0	0	0	0	50	108	0	0	0	0	0	54	0	0	2	0	0	0	0	0	0	0	0	0	0	117	0	0	0	0	6	0	0	0	0	0	0	0	0	0	0	0	0	0	0	0	0	0	0	0	0	0	0	0	0	0	443	0	0	0	0	0	0
k__Archaea._.p__Euryarchaeota._.c__Thermoplasmata._.o__Methanomassiliicoccales._.f__Methanomassiliicoccaceae._.g__Methanomassiliicoccus	2	0	0	0	3	0	0	0	0	3	0	0	0	0	0	0	0	0	0	0	0	0	3	0	0	0	0	95	0	0	0	0	0	0	0	1	0	0	11	0	0	0	0	0	0	0	0	0	0	2	0	0	33	0	0	0	0	0	0	0	0	0	0	0	0	0	0	33	43	0	0	0	0	0	0	0	0	25	0	0	0	0	0	0	0	0	0	0	0	72	3	0	0	0	0	0	0	0	91	0	0	0	0	0	0	0	0	0	0	0	0	0	0	0	0	0
k__Bacteria._.p__._.c__._.o__._.f__._.g__	87	112	143	210	302	210	60	141	309	168	244	231	93	218	200	78	142	64	113	1092	160	254	1839	121	320	123	120	103	65	125	81	68	85	160	382	107	91	112	188	158	115	208	125	152	184	266	163	127	118	126	178	88	100	86	73	163	76	107	86	197	97	116	101	64	86	197	63	348	155	46	65	52	256	130	47	113	280	113	138	187	152	518	51	88	142	107	179	94	473	273	295	68	124	481	103	205	241	241	244	97	115	113	422	46	160	324	80	96	77	109	109	141	183	179	84	64
k__Bacteria._.p__Actinobacteria._.c__Actinobacteria._.o__Actinomycetales._.f__._.g__	0	0	0	0	0	0	0	0	0	0	0	0	0	0	0	0	0	0	0	0	0	0	0	0	0	0	0	0	0	0	0	0	0	0	0	0	0	0	0	0	0	0	1	0	0	0	0	0	0	0	0	1	0	0	0	0	0	0	0	0	0	0	0	2	0	0	0	0	0	0	0	0	0	0	0	0	0	0	0	0	0	0	0	0	0	0	0	0	0	0	0	0	0	0	0	0	0	0	0	0	0	0	0	0	0	0	0	0	0	0	0	0	0	0	0	1
k__Bacteria._.p__Actinobacteria._.c__Actinobacteria._.o__Actinomycetales._.f__Actinomycetaceae._.g__Actinomyces	0	0	0	0	0	0	0	0	0	1	0	2	1	6	0	0	5	2	11	0	2	2	0	0	2	0	0	0	0	0	4	0	0	0	0	0	1	1	4	4	6	3	13	4	0	0	0	0	2	0	0	0	0	0	0	1	0	1	0	3	0	0	0	3	1	1	1	0	0	2	0	12	1	1	0	0	0	0	1	1	0	0	0	0	1	0	0	1	0	1	3	1	8	1	0	2	0	0	0	0	7	0	0	0	1	2	0	12	0	30	2	6	0	3	11	10
k__Bacteria._.p__Actinobacteria._.c__Actinobacteria._.o__Actinomycetales._.f__Actinomycetaceae._.g__Varibaculum	0	0	0	0	0	0	0	0	0	0	0	0	0	0	0	0	0	0	7	0	0	0	0	0	0	0	0	0	0	0	0	0	0	0	0	0	0	0	0	0	0	0	0	7	0	0	0	0	0	0	0	0	0	0	0	0	0	0	0	0	0	0	1	0	0	0	0	0	0	0	0	0	0	0	0	0	0	0	0	1	0	0	0	0	0	0	0	0	0	0	0	0	0	0	0	0	0	0	0	0	0	0	0	0	0	0	0	0	0	0	0	2	0	0	0	0
k__Bacteria._.p__Actinobacteria._.c__Actinobacteria._.o__Actinomycetales._.f__Brevibacteriaceae._.g__Brevibacterium	0	0	0	0	0	0	0	0	0	0	0	0	0	0	0	0	0	0	0	0	0	0	0	0	0	0	0	0	0	0	0	0	0	0	0	0	0	0	0	0	0	0	0	14	0	0	0	0	0	0	0	0	0	0	0	0	0	0	0	0	0	0	0	0	0	0	0	0	0	0	0	0	0	0	0	0	0	0	0	0	0	0	0	0	0	0	0	0	0	0	0	0	0	0	0	0	0	0	0	0	0	0	0	0	0	0	0	0	0	0	0	0	0	0	0	0
k__Bacteria._.p__Actinobacteria._.c__Actinobacteria._.o__Actinomycetales._.f__Corynebacteriaceae._.g__Corynebacterium	0	0	0	0	0	0	0	0	0	0	0	0	0	0	1	1	0	0	0	0	2	0	0	0	2	0	0	0	0	0	1	2	0	0	0	0	1	0	0	1	4	2	3	28	0	0	0	0	1	0	1	0	0	0	0	0	0	18	0	1	0	1	7	4	0	7	1	0	0	0	0	1	2	0	0	2	0	0	1	1	0	0	0	0	3	0	0	0	0	0	0	0	0	1	0	0	0	0	0	0	0	0	0	0	12	8	0	0	4	1	0	2	1	1	0	0
k__Bacteria._.p__Actinobacteria._.c__Actinobacteria._.o__Actinomycetales._.f__Dermabacteraceae._.g__Brachybacterium	0	0	0	0	0	0	0	0	0	0	0	0	0	0	0	0	0	0	0	0	0	0	0	0	0	0	0	0	0	0	0	0	0	0	0	0	0	0	0	0	0	0	0	1	0	0	1	0	0	0	0	0	0	0	0	0	0	0	0	0	0	0	0	0	0	0	0	0	0	0	0	0	0	0	0	0	0	0	0	0	0	0	0	0	0	0	0	0	0	0	0	0	0	0	0	0	0	0	0	0	0	0	0	0	0	0	0	0	0	0	0	0	0	0	0	0
k__Bacteria._.p__Actinobacteria._.c__Actinobacteria._.o__Actinomycetales._.f__Geodermatophilaceae._.g__Geodermatophilus	1	0	1	1	0	1	0	0	0	0	1	6	3	3	0	1	0	0	1	3	3	0	1	2	5	0	2	2	0	7	7	0	2	0	0	0	1	0	7	0	4	1	5	20	3	7	0	0	0	0	0	0	0	0	0	0	0	0	1	1	1	0	3	0	0	0	0	0	0	0	0	1	0	0	0	0	1	0	0	0	0	0	0	0	0	0	1	0	1	1	0	0	2	0	1	0	1	1	2	1	3	0	1	0	0	1	1	1	3	15	11	17	17	9	26	6
k__Bacteria._.p__Actinobacteria._.c__Actinobacteria._.o__Actinomycetales._.f__Micrococcaceae._.g__Kocuria	0	0	0	0	0	0	0	0	0	0	0	0	0	0	0	0	0	0	0	0	0	0	0	1	0	0	0	0	0	0	0	0	0	0	0	0	0	0	0	0	0	0	0	0	0	0	0	0	0	0	0	0	0	0	0	0	0	0	1	0	0	0	0	0	0	0	0	0	0	0	0	0	0	0	0	0	0	0	0	1	0	0	0	0	3	0	0	0	0	0	0	0	0	0	0	0	0	0	0	0	0	0	0	0	0	0	0	0	0	0	0	0	0	0	0	0
k__Bacteria._.p__Actinobacteria._.c__Actinobacteria._.o__Actinomycetales._.f__Micrococcaceae._.g__Micrococcus	0	0	0	0	0	0	0	0	0	0	0	1	0	0	0	0	0	0	0	0	0	0	0	0	0	0	0	0	0	0	0	0	0	0	0	0	0	0	0	0	0	0	0	0	0	0	0	0	0	0	0	0	0	0	0	0	0	0	0	0	0	0	0	0	0	0	0	0	0	0	0	0	0	0	0	0	0	0	0	0	0	0	0	0	0	0	0	0	0	0	0	0	0	0	0	0	0	0	0	0	0	0	1	0	0	0	0	0	0	0	0	0	0	0	0	0
k__Bacteria._.p__Actinobacteria._.c__Actinobacteria._.o__Actinomycetales._.f__Micrococcaceae._.g__Nesterenkonia	0	0	0	0	0	0	0	0	0	0	0	0	0	0	0	0	0	0	0	0	0	0	0	0	0	0	0	0	0	0	0	0	0	0	0	0	0	0	0	0	0	0	0	2	0	0	0	0	0	0	0	0	0	0	0	0	0	0	0	0	0	0	0	0	0	0	0	0	0	0	0	0	0	0	0	0	0	0	0	0	0	0	0	0	0	0	0	0	0	0	0	0	0	0	0	0	0	0	0	0	0	0	0	0	0	0	0	0	0	0	0	0	0	0	0	0
k__Bacteria._.p__Actinobacteria._.c__Actinobacteria._.o__Actinomycetales._.f__Micrococcaceae._.g__Rothia	0	1	0	1	0	0	0	0	6	0	2	0	0	6	1	0	7	0	1	0	0	0	4	1	1	2	0	0	0	0	0	0	0	0	0	0	0	0	0	1	0	0	7	1	0	0	0	0	0	0	1	0	0	10	0	0	0	0	0	0	2	1	0	1	0	0	0	0	0	0	0	3	0	2	0	0	0	0	0	0	0	0	0	2	4	0	0	0	0	2	0	0	0	1	9	24	1	0	0	0	1	0	0	0	0	7	0	26	0	0	4	0	0	0	0	10
k__Bacteria._.p__Actinobacteria._.c__Actinobacteria._.o__Actinomycetales._.f__Promicromonosporaceae._.g__	0	0	0	0	0	0	0	0	0	0	0	0	0	0	0	0	0	0	0	0	0	0	0	0	1	0	0	0	0	0	0	0	0	0	0	0	0	0	0	0	0	0	0	0	0	0	0	0	0	0	0	0	0	0	0	0	0	0	0	0	0	0	0	0	0	0	0	0	0	0	0	0	0	0	0	0	0	0	0	0	0	0	0	0	0	0	0	0	0	0	0	0	0	0	0	0	0	0	0	0	0	0	0	0	0	25	0	0	0	0	0	0	0	0	0	0
k__Bacteria._.p__Actinobacteria._.c__Actinobacteria._.o__Bifidobacteriales._.f__Bifidobacteriaceae._.g__Alloscardovia	0	0	0	0	0	0	0	0	0	0	0	0	0	4	0	0	1	0	0	0	0	0	0	0	1	0	0	0	0	0	4	3	0	0	0	0	0	0	0	0	0	0	0	0	0	0	0	0	0	0	0	1	0	4	0	0	0	0	0	0	0	0	0	0	0	0	0	0	0	0	0	0	0	0	0	0	0	0	0	0	1	0	0	3	0	0	0	0	0	0	0	8	1	0	0	41	0	0	0	0	0	0	0	0	0	3	1	0	1	0	0	5	0	0	1	39
k__Bacteria._.p__Actinobacteria._.c__Actinobacteria._.o__Bifidobacteriales._.f__Bifidobacteriaceae._.g__Bifidobacterium	2	0	3	1	10	5	47	0	2	72	229	2511	53	109	0	12	11	2441	1087	6	46	12	37	3	112	8	251	87	1	2	41	0	46	0	885	9	94	1376	5	816	0	15	41	466	0	52	8	23	800	42	184	0	0	0	0	51	0	111	11	6	0	69	9	122	2	538	89	3	6	155	21	6	0	21	67	11	1	29	18	602	135	72	15	20	99	2	257	0	2	11	42	98	588	26	1	368	0	35	117	18	28	6	38	9	5	0	188	86	555	9	1	649	6	24	250	0
k__Bacteria._.p__Actinobacteria._.c__Actinobacteria._.o__Bifidobacteriales._.f__Bifidobacteriaceae._.g__Scardovia	0	0	0	0	0	0	2	0	0	0	0	0	0	0	0	0	0	0	2	0	1	0	0	0	0	0	0	0	0	0	0	0	0	0	0	0	0	0	0	0	0	0	0	0	0	0	0	0	0	0	0	0	0	2	0	2	0	0	0	0	0	0	0	0	0	0	0	0	0	0	0	0	0	0	0	0	0	1	0	0	0	0	0	0	0	0	0	0	0	0	0	0	0	0	0	0	0	0	0	0	0	0	0	0	0	0	1	0	0	0	0	0	0	0	0	0
k__Bacteria._.p__Actinobacteria._.c__Actinobacteria._.o__Coriobacteriales._.f__Coriobacteriaceae._.g__	0	4	20	0	0	10	1	0	0	37	15	87	0	196	71	12	0	21	229	6	50	0	0	12	3	5	0	0	5	0	65	41	3	42	5	3	6	29	18	6	109	15	0	74	0	0	3	0	164	2	3	5	0	0	0	3	1	63	1	13	2	7	0	2	1	24	42	0	89	10	1	0	11	45	1	20	30	0	3	71	156	10	0	2	0	5	35	24	2	8	23	0	9	31	14	10	14	6	0	0	72	28	1	10	0	3	24	0	1	5	0	45	2	2	0	13
k__Bacteria._.p__Actinobacteria._.c__Actinobacteria._.o__Coriobacteriales._.f__Coriobacteriaceae._.g__Atopobium	0	0	3	0	0	0	0	0	0	0	1	0	0	11	1	0	0	0	1	0	0	0	0	0	0	0	0	0	0	0	1	0	0	0	0	0	0	0	0	0	0	0	0	4	0	0	0	0	0	0	0	1	0	2	1	0	0	0	0	0	0	0	0	1	0	0	0	0	3	0	0	3	0	0	0	0	0	0	0	6	0	0	1	0	0	0	1	0	1	0	0	0	1	0	0	8	0	0	0	0	0	0	0	0	0	4	4	0	0	0	0	1	0	1	0	1
k__Bacteria._.p__Actinobacteria._.c__Actinobacteria._.o__Coriobacteriales._.f__Coriobacteriaceae._.g__Eggerthella	0	0	0	0	0	0	0	0	1	0	0	1	0	0	0	0	0	1	0	0	0	0	0	0	0	0	0	0	0	0	0	0	0	1	0	0	0	0	0	0	0	0	2	0	0	0	0	0	2	0	0	0	0	0	0	0	0	0	0	0	0	0	0	1	0	0	0	0	0	0	0	1	0	0	0	0	0	0	0	0	0	1	0	0	0	0	0	0	0	0	0	0	0	0	0	0	4	0	0	0	3	0	0	0	0	0	0	1	24	0	0	9	0	0	1	0
k__Bacteria._.p__Actinobacteria._.c__Actinobacteria._.o__Coriobacteriales._.f__Coriobacteriaceae._.g__Gordonibacter	0	1	4	0	0	0	0	0	0	0	0	2	0	0	1	0	0	2	3	0	0	0	0	0	0	0	0	0	0	1	1	0	0	7	0	0	0	1	1	0	1	0	0	1	0	0	0	0	0	0	0	0	0	0	0	0	0	0	0	0	0	0	0	0	0	0	1	0	0	3	0	0	0	0	2	2	0	0	0	0	0	0	0	0	0	0	3	0	0	0	0	0	3	0	0	0	0	0	0	0	6	0	0	0	0	0	0	1	26	0	1	0	0	0	0	0
k__Bacteria._.p__Actinobacteria._.c__Actinobacteria._.o__Coriobacteriales._.f__Coriobacteriaceae._.g__Olsenella	0	0	0	0	0	0	0	0	0	0	0	0	0	6	0	0	0	0	0	0	0	0	0	0	0	0	0	0	0	0	0	0	0	1	0	2	0	0	0	0	0	0	0	7	0	0	0	0	0	0	0	0	0	0	0	0	0	0	0	0	0	0	0	1	0	101	0	0	0	0	0	0	0	0	0	0	0	5	0	1	0	0	0	0	0	0	0	0	0	16	0	0	0	0	0	1	0	0	0	0	0	0	0	0	0	0	24	0	0	22	0	0	0	0	0	0
k__Bacteria._.p__Bacteroidetes._.c__._.o__._.f__._.g__	0	2	22	1	0	0	0	0	0	9	0	0	0	0	1	5	0	0	0	2	0	0	0	0	16	0	0	2	10	3	0	5	0	0	12	0	0	0	0	4	0	2	0	0	0	3	0	0	0	0	18	0	3	0	0	14	4	0	0	2	0	1	29	2	5	10	0	41	4	0	0	0	0	0	1	0	6	17	10	0	0	0	0	0	1	0	0	0	0	5	17	0	0	18	0	0	0	0	32	0	0	0	0	0	0	15	0	0	0	0	0	0	0	10	0	0
k__Bacteria._.p__Bacteroidetes._.c__Bacteroidia._.o__Bacteroidales._.f__._.g__	0	1	0	0	164	1	0	0	0	12	0	0	45	1	0	6	20	0	0	1	0	3	0	1	0	9	0	0	0	0	4	0	29	0	1	24	2	0	9	23	0	0	0	0	0	6	0	0	0	3	2	8	2	0	0	3	9	0	0	0	1	14	3	1	0	1	0	1	1	0	0	0	0	0	11	0	0	7	0	0	0	0	0	0	0	0	0	1	0	5	0	0	0	2	0	0	4	0	3	0	7	3	0	6	7	396	0	0	0	0	5	0	1	0	0	0
k__Bacteria._.p__Bacteroidetes._.c__Bacteroidia._.o__Bacteroidales._.f__Bacteroidaceae._.g__Anaerorhabdus	0	0	0	0	0	0	0	0	0	0	0	0	0	0	0	0	0	0	0	0	0	0	0	0	0	0	0	0	0	0	0	0	0	0	0	0	0	0	0	0	0	0	0	0	0	0	0	0	0	2	0	0	0	0	0	0	0	0	0	0	0	0	0	0	0	0	0	0	0	0	0	0	0	0	0	0	0	0	0	0	0	0	0	0	0	0	0	0	0	0	0	0	0	0	0	0	0	0	0	0	0	0	0	0	0	0	0	0	0	0	0	0	0	0	0	6
k__Bacteria._.p__Bacteroidetes._.c__Bacteroidia._.o__Bacteroidales._.f__Bacteroidaceae._.g__Bacteroides	1920	2786	4090	2085	7955	3512	3323	5189	4809	1633	356	14	2818	13	127	1576	1011	12	35	1883	17	10549	3246	2304	1491	1844	3770	1628	165	13342	2652	3352	3157	52	2306	2461	4691	404	7209	90	452	1780	136	1760	14865	3942	251	4211	5655	2194	1435	1673	1303	319	2391	7041	3004	2265	1689	2087	5764	12299	5172	2388	1350	2088	4332	4829	1830	325	123	7261	2033	12	758	92	1602	4078	417	121	508	356	4191	739	25	5896	2151	17104	933	5771	906	882	342	1769	326	193	13079	153	5377	7662	3637	558	1754	6797	3984	2075	2749	513	907	1929	6287	3851	10404	481	2367	804
k__Bacteria._.p__Bacteroidetes._.c__Bacteroidia._.o__Bacteroidales._.f__Bacteroidales_incertae_sedis._.g__Phocaeicola	0	0	0	0	0	0	0	0	0	0	0	0	0	0	0	0	0	0	0	0	0	0	0	0	0	0	0	0	1	0	0	0	0	0	0	0	0	0	0	8	0	0	0	0	0	0	0	0	0	0	0	0	4	0	0	0	0	0	0	0	0	0	0	0	0	0	0	0	0	0	0	0	0	0	0	0	0	0	0	0	0	0	0	0	0	0	0	0	0	0	0	0	0	0	0	0	0	0	0	0	0	0	0	30	0	0	0	0	0	0	15	0	0	0	0	0
k__Bacteria._.p__Bacteroidetes._.c__Bacteroidia._.o__Bacteroidales._.f__Marinilabiaceae._.g__Anaerophaga	0	0	0	0	0	0	0	0	0	0	1	0	0	0	0	0	0	0	0	0	0	0	0	0	0	0	0	0	0	0	0	0	0	0	0	0	0	1	0	0	0	0	0	0	0	0	179	0	0	0	0	0	0	0	0	0	67	0	0	0	0	0	0	0	0	0	0	0	0	0	0	0	0	0	0	0	0	0	0	0	0	0	0	0	0	0	0	0	0	0	0	0	0	0	0	0	0	0	0	0	0	59	0	0	1	13	0	0	0	0	0	0	0	0	0	64
k__Bacteria._.p__Bacteroidetes._.c__Bacteroidia._.o__Bacteroidales._.f__Porphyromonadaceae._.g__	0	1	3	3	1	0	4	0	11	2	0	0	76	0	2	3	54	0	2	0	0	2	0	0	0	3	0	30	0	0	1	17	38	0	0	0	0	0	185	0	0	7	0	0	0	46	3	0	0	1	19	4	64	0	7	59	26	24	0	11	0	0	6	0	8	0	0	15	13	0	0	0	10	0	7	1	20	67	0	0	0	0	0	22	0	0	0	9	5	245	0	0	1	1	0	0	1	9	19	4	2	22	9	0	0	1	0	0	0	0	2	0	5	45	0	0
k__Bacteria._.p__Bacteroidetes._.c__Bacteroidia._.o__Bacteroidales._.f__Porphyromonadaceae._.g__Barnesiella	0	8	65	27	66	4	6	11	15	11	8	0	14	0	0	74	4	0	3	16	0	46	119	80	5	30	53	9	20	0	158	51	26	0	7	34	18	11	1350	15	0	24	0	2	128	55	7	2	0	76	127	16	7	0	97	36	153	55	38	101	90	2	30	0	21	166	5	9	25	1	0	0	18	0	6	0	23	144	1	0	0	6	0	2	0	34	59	55	1	80	20	1	22	308	4	0	245	1	21	0	129	42	15	21	8	42	2	0	0	5	33	48	263	1	0	13
k__Bacteria._.p__Bacteroidetes._.c__Bacteroidia._.o__Bacteroidales._.f__Porphyromonadaceae._.g__Butyricimonas	2	5	0	2	5	0	5	1	23	8	1	0	7	0	0	31	7	0	4	0	0	2	0	7	2	28	0	81	3	19	21	13	6	0	17	19	4	0	12	2	0	7	0	0	61	47	8	0	12	3	1	5	13	0	0	0	48	0	1	8	1	71	37	0	3	0	0	9	17	0	0	0	1	1	3	0	0	10	1	0	3	0	14	1	0	4	6	11	1	26	0	0	0	142	2	2	176	1	18	0	12	6	11	1	0	65	1	1	4	1	56	25	3	5	6	1
k__Bacteria._.p__Bacteroidetes._.c__Bacteroidia._.o__Bacteroidales._.f__Porphyromonadaceae._.g__Odoribacter	13	8	42	33	66	8	3	24	31	10	4	0	10	0	1	79	5	0	2	18	0	16	12	18	2	40	14	16	1	0	35	21	7	0	46	41	11	1	43	1	0	7	0	13	34	108	0	1	63	10	61	15	43	0	244	61	38	42	10	46	40	76	56	2	10	58	0	88	24	4	1	0	8	0	2	1	20	33	6	0	2	4	0	3	0	5	8	104	62	129	14	3	7	55	4	1	0	0	17	19	16	5	14	34	33	198	0	1	0	79	23	19	62	9	2	1
k__Bacteria._.p__Bacteroidetes._.c__Bacteroidia._.o__Bacteroidales._.f__Porphyromonadaceae._.g__Parabacteroides	42	54	526	96	311	389	82	205	193	55	90	0	297	0	4	124	63	0	4	17	0	78	42	13	34	153	6	207	3	58	245	115	195	6	44	183	48	8	285	9	2	52	1	20	103	207	23	7	22	16	75	131	151	16	50	335	389	95	250	138	494	260	225	38	44	851	304	732	34	2	8	58	55	0	8	1	43	45	12	1	22	98	177	45	0	0	181	168	187	90	57	4	0	246	10	2	344	130	177	295	210	240	475	131	147	48	146	0	42	0	148	108	274	48	4	35
k__Bacteria._.p__Bacteroidetes._.c__Bacteroidia._.o__Bacteroidales._.f__Porphyromonadaceae._.g__Porphyromonas	0	0	0	0	0	0	0	0	0	0	0	0	0	0	0	5	0	0	0	0	0	0	0	0	0	0	0	0	0	0	0	0	4	0	0	151	0	0	0	0	1	23	0	12	0	27	0	0	0	0	0	10	0	0	0	1	0	0	0	0	0	1	3	0	0	0	0	23	0	0	1	0	0	0	0	0	0	0	0	0	0	0	0	0	0	0	0	0	3	291	0	0	0	2	0	0	4	0	0	0	0	0	33	0	1	39	0	0	0	0	0	0	0	0	0	0
k__Bacteria._.p__Bacteroidetes._.c__Bacteroidia._.o__Bacteroidales._.f__Prevotellaceae._.g__	0	10	6	9	0	0	1	1	0	23	0	0	331	0	0	120	12	0	5	14	0	1	0	0	1	57	0	99	7	0	33	0	365	0	0	235	0	16	38	79	0	0	0	0	15	40	59	0	0	9	1	51	9	2	0	0	32	0	0	0	51	74	71	0	0	151	0	0	0	0	0	0	0	0	4	0	46	0	0	0	0	0	0	0	0	0	0	0	0	0	0	0	0	41	0	0	0	1	4	0	89	24	0	28	45	8	0	0	0	0	9	0	0	67	0	5
k__Bacteria._.p__Bacteroidetes._.c__Bacteroidia._.o__Bacteroidales._.f__Prevotellaceae._.g__Alloprevotella	2888	0	0	88	0	1267	798	0	0	24	0	0	18	0	0	0	155	0	2	0	0	0	1	0	0	0	0	85	0	1	0	0	0	0	0	0	0	0	0	1	0	0	0	0	0	0	0	0	0	0	0	1250	0	4	0	0	1295	0	16	0	3	1	418	0	128	0	0	0	168	0	0	0	0	0	942	0	0	0	0	1	0	85	0	0	0	0	0	0	0	0	0	0	0	0	24	2	138	0	0	0	0	757	0	0	403	250	0	0	0	0	0	0	0	637	0	0
k__Bacteria._.p__Bacteroidetes._.c__Bacteroidia._.o__Bacteroidales._.f__Prevotellaceae._.g__Hallella	0	2	14	0	0	0	0	0	2	0	0	0	35	0	0	18	0	0	0	17	0	0	0	0	0	0	0	0	0	0	0	0	0	0	0	0	0	0	0	3	0	0	0	0	56	13	0	0	0	40	20	0	0	1	0	0	0	0	0	0	0	0	1	0	0	0	0	0	0	0	0	0	0	0	0	0	0	0	0	0	11	0	0	0	0	0	0	0	0	0	0	0	0	0	0	0	0	8	0	0	0	4	0	0	0	0	0	0	0	0	1	0	0	13	0	12
k__Bacteria._.p__Bacteroidetes._.c__Bacteroidia._.o__Bacteroidales._.f__Prevotellaceae._.g__Paraprevotella	0	96	0	208	581	0	21	0	151	0	1	0	45	0	9	8	8	0	0	52	0	0	78	0	0	78	0	123	0	0	0	0	0	0	25	0	0	16	126	64	0	71	1	12	496	0	33	0	0	0	0	108	68	3	0	345	23	0	0	0	36	17	108	0	0	67	0	156	0	0	0	0	0	0	68	0	0	0	0	0	0	12	683	48	0	0	0	0	0	18	0	0	0	0	0	0	24	5	32	2	129	48	45	0	55	0	0	0	0	0	0	0	0	73	0	0
k__Bacteria._.p__Bacteroidetes._.c__Bacteroidia._.o__Bacteroidales._.f__Prevotellaceae._.g__Prevotella	18716	149	4	1195	24	1040	54	8319	14	119	3122	0	369	3	117	7781	3174	6	94	719	1	191	55	52	677	523	0	308	1	1	8	0	3	6	0	487	0	116	8	9028	0	1	2	765	6	976	14535	1	3	475	273	6672	6106	488	23	4	1489	102	238	2	2981	124	2539	0	10138	49	8803	5569	6543	0	503	111	4	0	15807	36	33	1	0	3	0	1034	5430	0	6	1	2	2	8203	2	2	2	1	715	88	33	0	78	262	227	1575	11259	105	1	4	3177	1	1	7	1	2425	2	59	8370	0	8619
k__Bacteria._.p__Bacteroidetes._.c__Bacteroidia._.o__Bacteroidales._.f__Rikenellaceae._.g__	0	0	21	0	20	0	3	0	0	2	6	0	10	4	0	0	0	0	0	0	0	0	0	24	1	77	0	0	6	0	0	5	0	0	0	6	0	0	39	0	0	0	0	0	0	7	0	0	0	6	3	4	8	0	0	11	0	0	36	16	0	4	0	0	0	0	0	0	29	0	0	0	0	0	5	0	17	155	11	7	1	0	0	13	0	0	0	1	0	28	0	0	0	26	0	1	0	0	0	0	0	0	27	0	178	0	0	0	0	0	0	3	19	2	2	1
k__Bacteria._.p__Bacteroidetes._.c__Bacteroidia._.o__Bacteroidales._.f__Rikenellaceae._.g__Alistipes	6	275	708	406	441	91	98	202	269	134	111	1	234	14	37	290	165	1	36	80	5	224	107	51	96	119	14	464	29	151	2503	1086	888	3	231	404	34	7	765	16	84	37	1	22	99	567	5	1	216	69	233	113	275	17	44	807	355	95	274	244	427	1471	45	48	221	259	40	1460	293	47	9	28	577	0	215	17	117	452	21	1	180	71	113	90	0	358	182	192	56	311	578	23	57	756	19	25	991	96	597	122	322	32	211	182	1087	208	197	12	22	1077	285	207	593	20	29	99
k__Bacteria._.p__Bacteroidetes._.c__Flavobacteriia._.o__Flavobacteriales._.f__._.g__	0	0	5	0	0	0	0	0	0	1	0	0	0	0	0	0	0	0	0	0	0	0	0	0	0	0	0	0	5	0	0	0	0	0	0	0	0	0	0	0	0	0	0	0	0	0	0	0	0	0	0	0	0	0	0	0	0	0	0	0	0	0	0	0	0	0	0	0	0	0	0	0	0	0	0	0	0	0	0	0	0	0	0	0	0	0	0	0	0	0	0	0	0	0	0	0	0	0	0	0	0	0	1	0	0	0	0	0	0	0	0	0	0	0	0	0
k__Bacteria._.p__Bacteroidetes._.c__Flavobacteriia._.o__Flavobacteriales._.f__Flavobacteriaceae._.g__	0	0	0	0	0	0	0	0	0	0	0	0	0	0	0	0	0	0	0	0	0	0	0	0	0	0	0	0	1	0	0	0	0	0	0	0	0	0	0	0	0	0	0	0	0	0	0	0	0	0	0	0	0	0	0	0	0	0	0	0	0	0	0	0	0	0	0	0	0	0	0	0	0	0	0	0	0	0	0	0	0	0	0	0	0	0	0	0	0	0	0	0	0	0	0	0	0	0	0	0	0	0	0	0	0	0	0	0	0	0	0	0	0	0	0	0
k__Bacteria._.p__Bacteroidetes._.c__Flavobacteriia._.o__Flavobacteriales._.f__Flavobacteriaceae._.g__Chryseobacterium	0	0	0	0	0	0	0	0	0	0	0	0	0	0	0	0	0	0	0	0	0	0	0	0	0	0	0	0	0	0	0	0	0	0	0	0	0	0	0	0	0	0	0	0	0	0	0	3	0	0	0	0	0	0	0	0	0	0	0	0	0	0	0	0	0	0	0	0	0	0	0	0	0	0	0	0	0	0	0	0	0	0	0	0	0	0	0	0	0	0	0	0	0	0	0	0	0	0	0	0	0	0	0	0	0	0	0	0	0	0	0	0	0	0	0	0
k__Bacteria._.p__Bacteroidetes._.c__Flavobacteriia._.o__Flavobacteriales._.f__Flavobacteriaceae._.g__Cloacibacterium	0	0	0	11	0	0	0	0	1	0	0	0	1	0	0	0	1	0	0	0	0	0	0	0	4	0	0	2	0	0	1	0	1	1	0	0	1	1	0	0	0	0	0	0	0	0	0	1	0	0	0	1	0	0	0	0	1	0	1	0	0	0	1	0	0	0	0	0	0	0	0	1	0	0	0	0	0	1	0	0	1	0	4	1	20	0	1	0	1	0	0	0	0	0	0	1	2	0	0	2	1	1	0	0	1	12	0	1	0	6	0	0	1	1	0	1
k__Bacteria._.p__Bacteroidetes._.c__Flavobacteriia._.o__Flavobacteriales._.f__Flavobacteriaceae._.g__Ornithobacterium	0	0	0	0	0	0	0	0	0	63	0	0	0	0	1	0	0	0	0	0	0	0	0	0	0	0	0	0	961	0	0	0	0	0	0	0	0	0	0	0	0	0	0	0	0	0	0	0	0	0	0	0	0	0	0	0	0	0	0	0	0	0	0	0	0	0	0	0	0	0	0	0	0	0	0	0	457	0	0	0	0	0	0	0	0	0	0	0	0	0	0	0	0	0	0	0	0	0	0	0	0	0	0	0	0	0	0	0	0	0	0	0	0	0	0	0
k__Bacteria._.p__Bacteroidetes._.c__Sphingobacteriia._.o__Sphingobacteriales._.f__Sphingobacteriaceae._.g__	0	0	0	0	0	0	0	0	0	0	0	0	0	0	0	0	0	0	0	0	0	0	0	0	0	0	0	0	0	0	0	0	0	0	0	0	0	0	0	0	0	0	0	0	0	0	0	0	0	0	0	0	0	0	0	0	0	0	0	0	0	0	0	0	0	1	0	0	0	0	0	0	0	0	0	0	0	0	0	0	0	0	0	0	0	0	0	0	0	0	0	0	0	0	0	0	0	0	1	0	0	0	0	0	0	0	0	0	0	0	0	0	0	0	0	0
k__Bacteria._.p__Cyanobacteria/Chloroplast._.c__Chloroplast._.o__._.f__Chloroplast._.g__Streptophyta	0	0	0	0	0	4	0	0	1	0	0	0	0	2	0	0	0	1	0	0	0	0	0	0	0	0	0	0	0	2	0	0	1	0	0	0	0	0	0	0	1	0	0	1	0	0	0	0	0	0	1	0	0	0	0	0	0	0	0	0	0	0	0	0	0	0	0	0	0	0	0	0	0	0	0	0	0	0	0	0	0	0	4	0	0	0	0	0	0	0	0	0	0	0	0	0	3	1	0	0	0	0	0	0	0	0	0	0	0	0	0	0	0	0	0	0
k__Bacteria._.p__Cyanobacteria/Chloroplast._.c__Cyanobacteria._.o__._.f__._.g__	0	1	0	0	0	0	0	0	0	0	0	0	0	0	0	0	0	0	0	0	0	0	0	0	0	0	0	0	0	0	0	0	0	0	0	0	0	0	0	0	0	5	0	0	0	0	0	0	0	0	0	0	0	0	0	0	0	0	0	0	0	0	0	0	0	0	0	0	0	0	0	0	0	0	0	0	0	0	0	0	0	0	0	0	0	0	0	0	0	0	0	0	0	0	0	0	0	0	0	0	0	0	0	0	0	0	0	0	0	0	0	0	0	0	0	0
k__Bacteria._.p__Cyanobacteria/Chloroplast._.c__Cyanobacteria._.o__._.f__Family_I._.g__GpI	0	0	0	0	0	0	0	1	0	0	0	0	0	0	0	0	0	0	0	0	0	0	0	0	0	0	0	0	0	0	0	0	0	0	0	0	0	0	0	0	0	0	0	5	0	0	0	0	0	0	0	0	0	0	0	0	0	0	0	0	0	0	0	0	0	0	0	0	0	0	0	0	0	0	0	0	0	0	0	0	0	0	0	0	0	0	0	0	0	0	0	0	0	0	0	0	0	0	0	0	0	0	0	0	0	0	0	0	0	0	0	0	0	0	0	0
k__Bacteria._.p__Firmicutes._.c__._.o__._.f__._.g__	2	906	42	90	899	856	42	0	52	670	280	30	785	52	73	55	3	0	72	478	8	0	238	304	45	308	4	104	304	0	80	133	158	0	1083	230	0	125	501	90	42	135	1	82	27	72	88	0	5	1216	1329	107	650	0	1	649	83	410	720	703	3	29	66	59	250	32	9	10	188	0	34	3	16	91	2	87	800	169	144	39	246	125	1	18	0	1	323	0	20	623	572	6	10	261	56	122	164	805	651	0	87	12	216	3	245	113	1	2	16	131	1	33	236	459	0	24
k__Bacteria._.p__Firmicutes._.c__Bacilli._.o__._.f__._.g__	0	0	0	0	0	0	0	0	1	0	0	0	0	0	0	2	0	0	0	0	0	0	0	0	0	0	0	0	0	0	0	0	0	0	1	0	2	0	0	0	0	0	0	1	0	0	0	0	0	1	4	0	0	0	0	0	0	2	0	0	0	0	0	0	0	0	0	0	0	0	0	0	0	1	0	0	0	0	0	0	0	0	0	0	0	0	0	0	0	0	0	0	0	1	0	0	0	0	0	0	0	0	0	0	1	0	0	0	2	0	0	0	0	0	0	0
k__Bacteria._.p__Firmicutes._.c__Bacilli._.o__Bacillales._.f__._.g__	0	0	0	0	0	0	0	0	0	0	0	0	0	0	0	0	0	0	0	0	0	0	0	0	0	0	0	0	0	0	0	0	0	0	0	0	0	0	8	0	0	0	0	0	0	0	0	0	0	0	5	0	0	0	0	0	0	0	0	0	0	0	0	0	0	0	0	0	0	0	0	0	0	0	0	0	0	0	0	0	0	0	0	0	0	0	7	0	0	0	0	0	0	0	0	0	0	0	0	0	0	0	0	0	0	0	0	0	0	0	0	0	0	0	0	0
k__Bacteria._.p__Firmicutes._.c__Bacilli._.o__Bacillales._.f__Bacillaceae_1._.g__Bacillus	0	0	0	0	0	0	0	0	0	0	0	0	0	0	0	0	0	0	0	0	0	0	0	0	0	0	0	4	1	0	0	0	0	0	0	0	0	0	0	0	0	0	0	0	0	0	0	0	0	0	0	0	0	0	0	0	0	0	0	0	0	0	0	0	0	0	0	0	0	0	0	0	0	0	0	0	0	0	0	0	0	0	0	0	0	0	0	0	0	0	0	0	0	0	0	0	0	0	0	0	0	0	0	0	0	0	0	0	0	0	0	0	0	0	0	0
k__Bacteria._.p__Firmicutes._.c__Bacilli._.o__Bacillales._.f__Bacillales_Incertae_Sedis_XI._.g__Gemella	0	0	8	1	1	0	1	2	5	7	11	0	2	33	3	2	4	0	4	6	5	17	6	4	1	1	1	3	0	0	0	1	0	0	0	2	0	0	2	0	1	37	16	100	0	4	1	16	10	4	0	0	1	1	4	0	9	3	5	3	1	3	2	29	2	0	2	38	0	20	18	0	12	8	0	13	1	4	4	6	1	10	0	9	0	7	3	3	0	128	1	24	1	1	4	3	0	0	0	95	6	6	2	4	7	5	4	57	0	10	2	0	42	5	3	7
k__Bacteria._.p__Firmicutes._.c__Bacilli._.o__Bacillales._.f__Paenibacillaceae_1._.g__Brevibacillus	0	0	0	0	0	0	0	0	0	0	0	0	0	2	1	0	0	0	0	1	0	0	0	0	0	0	0	2	0	2	0	0	0	3	0	0	0	0	0	0	0	0	0	0	0	0	0	0	0	0	0	0	0	0	0	0	0	0	0	6	0	0	0	0	0	0	0	0	1	1	0	0	0	0	0	0	0	0	0	0	0	0	0	0	3	0	0	0	0	0	0	0	0	0	0	0	0	0	0	0	1	0	0	0	0	0	0	0	0	0	0	0	1	0	0	0
k__Bacteria._.p__Firmicutes._.c__Bacilli._.o__Bacillales._.f__Planococcaceae._.g__	0	0	0	0	0	1	0	0	0	0	0	0	0	0	1	0	1	1	0	1	0	0	4	0	0	0	0	0	13905	1	0	0	0	0	0	0	0	0	0	0	0	0	0	0	0	0	0	0	0	0	0	0	0	0	0	0	0	0	0	0	0	0	0	0	0	0	0	0	0	0	0	0	0	0	0	0	0	0	0	0	0	0	0	0	0	0	0	0	0	0	0	0	0	0	0	0	0	0	0	0	0	0	0	0	3	0	0	0	0	0	0	0	0	0	0	0
k__Bacteria._.p__Firmicutes._.c__Bacilli._.o__Bacillales._.f__Planococcaceae._.g__Lysinibacillus	0	0	0	0	0	0	0	0	0	0	0	1	0	0	0	0	0	0	0	0	0	0	0	0	0	0	0	0	1067	0	0	0	0	0	0	0	0	0	0	0	0	0	0	0	0	0	0	0	0	0	0	0	0	0	0	0	0	0	0	0	0	0	0	0	0	0	0	0	0	0	0	0	0	0	0	0	0	0	0	0	0	0	0	0	0	0	0	0	0	0	0	0	0	0	0	0	0	0	0	0	0	0	0	0	0	0	0	0	0	0	0	0	0	0	0	0
k__Bacteria._.p__Firmicutes._.c__Bacilli._.o__Bacillales._.f__Staphylococcaceae._.g__Staphylococcus	0	1	0	0	0	0	4	0	1	1	1	0	0	0	20	0	1	0	0	0	1	0	0	0	0	0	0	0	0	0	2	0	0	0	0	2	0	1	0	0	0	0	40	2	1	0	0	0	0	0	0	0	1	0	0	3	0	0	0	0	0	0	0	0	0	0	0	0	0	0	0	0	0	0	0	0	0	0	0	0	1	0	38	0	0	3	1	0	0	0	0	2	0	0	1	0	0	1	2	1	1	0	0	0	3	0	0	0	0	5	0	7	0	0	0	0
k__Bacteria._.p__Firmicutes._.c__Bacilli._.o__Bacillales._.f__Thermoactinomycetaceae_1._.g__	0	0	0	0	0	0	0	0	0	0	0	0	0	0	0	0	0	0	0	0	0	0	0	0	0	0	0	0	0	0	0	0	0	0	0	0	0	0	0	0	0	13	0	0	0	0	0	0	0	0	0	0	0	0	0	0	0	0	0	0	0	0	0	0	0	0	0	0	11	0	0	0	0	0	0	0	0	0	0	0	0	0	0	0	0	0	0	0	0	0	0	0	0	0	0	0	0	0	1	0	0	0	0	0	0	0	0	0	0	0	0	0	0	0	0	0
k__Bacteria._.p__Firmicutes._.c__Bacilli._.o__Lactobacillales._.f__._.g__	0	1	0	0	0	0	3	1	0	1	0	0	0	2	1	2	2	0	1	0	0	0	0	0	0	0	0	0	0	0	0	0	0	0	0	0	0	0	0	0	0	0	2	5	0	0	0	9	0	1	0	1	0	0	0	0	2	1	0	0	0	0	0	5	0	0	0	0	0	2	0	0	1	1	0	1	0	1	0	1	0	1	0	1	0	1	0	0	0	0	0	5	1	1	3	10	1	0	0	1	0	0	0	2	0	0	0	1	10	0	1	0	0	0	0	2
k__Bacteria._.p__Firmicutes._.c__Bacilli._.o__Lactobacillales._.f__Aerococcaceae._.g__Abiotrophia	0	0	0	0	1	0	1	0	0	0	0	0	0	0	0	0	0	0	0	0	0	0	0	1	0	0	0	0	0	1	0	0	0	0	0	0	0	0	0	0	0	0	8	0	0	0	0	13	0	0	0	0	0	0	0	0	0	0	0	0	0	0	0	1	0	0	0	0	0	0	0	0	4	0	0	1	0	0	0	0	0	0	0	0	0	0	0	0	0	0	0	0	0	0	0	0	0	0	0	0	0	0	0	0	0	0	0	0	0	0	0	0	0	0	1	0
k__Bacteria._.p__Firmicutes._.c__Bacilli._.o__Lactobacillales._.f__Carnobacteriaceae._.g__Granulicatella	0	0	0	0	0	0	0	0	0	0	0	0	0	1	0	0	1	1	0	0	0	0	0	0	0	0	0	1	0	0	0	0	0	0	0	0	0	0	0	0	0	0	3	0	0	0	0	0	1	0	0	7	0	0	7	0	3	0	0	1	0	0	0	0	0	0	0	0	0	1	0	0	0	2	0	0	0	1	0	0	0	0	0	3	1	0	1	0	0	0	0	0	0	0	1	3	0	0	0	0	0	0	0	0	0	0	0	4	0	0	0	0	0	0	0	0
k__Bacteria._.p__Firmicutes._.c__Bacilli._.o__Lactobacillales._.f__Enterococcaceae._.g__	0	1	0	1	0	0	0	2	1	0	0	0	0	17	4	5	1	0	1	0	2	0	0	2	0	0	2	0	0	0	0	2	0	2	3	0	0	2	0	6	2	2	18	17	0	1	3	8	2	1	0	3	0	5	0	0	35	0	4	10	3	0	0	5	1	0	0	7	0	4	5	1	1	0	0	0	0	2	0	1	1	2	0	3	7	2	0	1	0	2	0	0	0	1	1	6	0	1	0	60	1	4	1	3	2	4	0	14	29	6	2	0	1	0	1	5
k__Bacteria._.p__Firmicutes._.c__Bacilli._.o__Lactobacillales._.f__Enterococcaceae._.g__Enterococcus	0	1	1	0	4	0	17	4	172	3	0	8	0	80	5	374	3	23	0	2	0	23	0	0	0	0	0	0	2	1	17	1	0	0	77	0	41	27	0	114	3	0	2	845	5	0	0	0	0	285	201	489	0	3	0	0	63	0	20	0	0	26	0	0	13	9	0	0	0	2	2	0	0	226	0	0	0	1	0	2	34	2	10	0	56	0	0	0	1	0	0	1	16	238	1	109	32	12	0	0	0	6	3	0	222	3	4	13	4418	18	0	1	1	0	0	39
k__Bacteria._.p__Firmicutes._.c__Bacilli._.o__Lactobacillales._.f__Lactobacillaceae._.g__	0	0	0	0	0	0	0	0	0	0	0	0	0	0	0	0	1	0	0	0	0	0	0	0	0	0	0	0	0	0	0	0	0	0	0	0	0	0	0	0	0	0	0	0	0	0	0	0	0	0	0	0	0	0	0	0	0	0	1	0	0	0	0	0	0	0	0	0	0	0	0	0	0	0	0	0	0	0	0	0	0	0	0	0	0	0	0	0	0	0	0	0	0	0	0	0	0	0	0	0	0	0	0	0	0	0	0	0	0	0	0	0	0	0	0	0
k__Bacteria._.p__Firmicutes._.c__Bacilli._.o__Lactobacillales._.f__Lactobacillaceae._.g__Lactobacillus	0	5	16	0	1	0	78	3	5	159	0	928	5	52	6	6	101	1	3	2	25	3	0	4	8	42	2	20	0	1	4	50	1	0	325	2	19	44	6	20	11	20	0	31	0	25	5	77	17	19	5	1	0	197	7	3	3	803	687	1	1	4	2	1	46	0	2	0	20	5	2	2	0	135	0	462	1	14	11829	21	3	22	17	4	1	24	0	0	7	1	0	4	23	0	10	30	14	0	2	2	246	0	1	2	43	18	225	12	11	10	0	7	0	3	2	24
k__Bacteria._.p__Firmicutes._.c__Bacilli._.o__Lactobacillales._.f__Lactobacillaceae._.g__Pediococcus	0	0	0	0	0	0	0	0	0	0	0	0	0	0	0	0	0	0	0	0	0	0	0	0	0	0	0	0	0	0	0	0	0	0	0	0	0	31	0	15	0	0	0	0	0	0	0	0	0	0	0	3	0	0	0	0	0	0	0	0	0	0	0	0	0	0	0	0	0	0	0	0	0	0	0	0	0	0	0	0	4	3	0	0	0	0	0	0	0	1	1	0	0	0	0	0	1	0	0	0	0	0	0	0	0	0	4	0	0	0	0	0	0	0	0	0
k__Bacteria._.p__Firmicutes._.c__Bacilli._.o__Lactobacillales._.f__Leuconostocaceae._.g__Leuconostoc	0	5	2	0	0	0	0	9	2	2	16	0	0	22	1	0	40	1	5	13	5	2	0	0	15	0	0	0	0	0	2	7	0	0	0	0	0	5	0	0	0	1	9	6	7	0	0	0	0	5	0	0	0	4	0	0	0	0	0	0	0	0	1	2	1	1	0	0	0	0	7	0	0	2	0	3	0	2	1	3	1	1	0	6	0	4	0	0	7	1	2	11	43	2	0	1	3	1	0	0	2	5	0	0	6	0	0	11	6	2	0	3	0	2	0	0
k__Bacteria._.p__Firmicutes._.c__Bacilli._.o__Lactobacillales._.f__Leuconostocaceae._.g__Weissella	0	0	0	0	0	0	0	0	0	0	0	0	0	0	0	0	0	0	0	0	0	0	0	0	0	0	0	0	0	0	0	0	0	0	0	0	0	0	0	0	2	0	0	0	0	0	0	0	0	0	0	0	0	0	0	0	0	0	0	0	0	0	1	0	0	0	0	0	0	0	0	0	0	0	0	0	0	0	0	8	0	0	0	5	0	0	0	1	0	0	0	0	0	1	8	0	0	17	0	0	0	0	0	0	0	0	0	0	0	0	0	0	0	0	0	0
k__Bacteria._.p__Firmicutes._.c__Bacilli._.o__Lactobacillales._.f__Streptococcaceae._.g__	0	0	0	0	0	0	2	0	0	0	0	0	0	0	0	0	1	0	0	0	0	0	0	0	0	0	0	0	0	0	1	0	0	0	0	0	0	0	0	0	0	0	0	0	0	0	0	2	1	0	0	0	0	0	0	0	1	1	0	0	0	0	0	4	0	0	0	0	0	0	0	0	1	0	0	0	0	1	0	0	0	0	0	1	0	0	1	1	0	0	0	1	0	0	0	1	0	0	0	0	0	0	0	0	0	0	0	0	0	0	0	0	0	0	0	0
k__Bacteria._.p__Firmicutes._.c__Bacilli._.o__Lactobacillales._.f__Streptococcaceae._.g__Lactococcus	0	8	16	1	2	0	0	1	13	2	11	2	0	29	198	0	2	0	5	170	0	10	0	7	17	16	0	0	3	1	1	267	1	0	0	0	9	3	3	1	1	0	29	86	42	1	0	93	490	113	130	30	1	168	0	1	176	3	17	3	0	1	0	9	6	9	3	0	0	2	1	0	3	3	0	5	22	8	0	1	13	3	0	1	8	0	41	0	19	0	0	54	217	44	0	0	0	1	2	0	21	4	0	0	4	0	1	46	265	214	1	0	4	0	0	0
k__Bacteria._.p__Firmicutes._.c__Bacilli._.o__Lactobacillales._.f__Streptococcaceae._.g__Streptococcus	3	851	445	379	30	25	2013	124	175	183	98	37	11	2811	459	23	5123	149	192	22	995	40	33	90	465	101	342	10	20	31	116	259	31	440	8	17	176	130	6	40	566	38	3947	195	112	258	10	5702	484	297	126	24	12	393	145	7	317	1348	523	294	271	76	50	2521	23	145	19	6	2	885	724	2003	1682	178	33	399	257	443	62	252	94	233	2661	2250	367	277	630	52	211	68	38	717	1284	143	2763	8172	22	9	0	94	186	129	8	88	108	458	14	9454	1670	392	320	94	53	55	372	3362
k__Bacteria._.p__Firmicutes._.c__Clostridia._.o__._.f__._.g__	0	10	17	2	1	1	4	0	1	11	6	20	3	35	2	6	0	0	29	12	10	0	0	1	7	8	2	11	57	0	15	10	1	0	25	23	0	10	7	13	0	179	0	31	1	1	4	0	2	39	29	9	7	0	0	21	0	41	4	5	1	7	0	11	21	0	16	0	41	0	2	1	0	24	1	1	4	38	56	1	20	12	0	21	0	1	41	0	1	42	38	0	3	4	1	10	762	17	91	0	42	0	29	0	4	25	2	10	0	1	0	7	1	13	3	0
k__Bacteria._.p__Firmicutes._.c__Clostridia._.o__Clostridiales._.f__._.g__	49	1073	721	2652	1264	126	310	96	385	3509	1452	661	524	300	284	709	142	60	3381	881	138	15	508	424	484	384	516	2085	1240	1	191	530	442	118	3496	2138	25	223	627	833	1002	1649	106	220	67	268	499	8	193	1005	1422	1148	1535	52	482	3410	145	1785	388	447	21	41	208	224	361	480	105	580	2310	191	445	51	124	857	131	126	815	4689	1227	208	3454	561	5	354	20	60	810	32	591	1837	1926	277	381	1435	452	259	352	3686	1878	14	1535	131	1019	1509	811	438	58	49	76	219	51	80	132	961	12	63
k__Bacteria._.p__Firmicutes._.c__Clostridia._.o__Clostridiales._.f__Clostridiaceae_1._.g__	0	0	0	0	0	0	0	0	0	0	0	0	0	0	0	0	0	0	0	0	0	0	0	0	0	0	0	0	0	0	0	0	0	0	0	0	0	0	0	0	0	0	0	0	0	0	0	0	0	0	0	0	0	0	0	2	0	0	0	0	0	0	0	0	0	0	0	0	0	0	0	0	0	0	0	0	0	0	0	0	0	0	0	0	0	0	1	0	0	0	0	0	0	0	0	0	0	0	0	0	0	0	0	0	0	0	0	0	0	0	0	0	0	0	0	0
k__Bacteria._.p__Firmicutes._.c__Clostridia._.o__Clostridiales._.f__Clostridiaceae_1._.g__Anaerosporobacter	0	34	0	5	92	12	3	6	154	25	6	4	5	0	7	3	0	7	6	35	11	0	2	26	7	49	0	1	5	0	5	6	0	2	17	7	0	56	10	3	12	79	31	3	0	4	6	0	5	91	16	2	4	3	4	3	3	13	9	31	0	0	8	142	0	0	1	2	5	1	157	1	2	8	2	3	2	73	5	0	29	16	0	5	0	0	68	0	3	48	9	7	52	17	3	4	0	9	4	0	12	191	1	46	42	2	106	71	0	185	1	1	10	1	0	11
k__Bacteria._.p__Firmicutes._.c__Clostridia._.o__Clostridiales._.f__Clostridiaceae_1._.g__Clostridium_sensu_stricto	2	604	36	11	30	20	0	1	565	47	94	0	25	63	1	207	1	0	65	1786	26	0	40	297	58	371	240	38	68	0	282	4	33	0	52	0	0	26	14	74	9	17	1	42	0	0	102	195	11	158	39	80	6	181	1	6	0	0	109	120	0	0	28	44	34	5	14	159	35	6	75	0	66	132	17	5	1133	61	86	53	753	54	1	25	1	0	36	4	52	158	429	126	83	28	6	1	15	47	4	0	30	7	1	3	19	146	40	896	1	145	0	18	38	235	9	28
k__Bacteria._.p__Firmicutes._.c__Clostridia._.o__Clostridiales._.f__Clostridiaceae_2._.g__Natronincola	0	0	1	0	0	0	0	0	0	0	0	0	1	1	1	0	0	0	3	0	0	0	0	0	0	0	1	0	0	0	1	0	0	0	0	0	0	0	0	0	0	1	1	4	0	0	0	5	1	0	0	2	0	0	0	0	0	1	0	1	0	0	0	0	1	0	0	0	0	5	2	0	0	0	0	5	0	5	0	0	1	0	0	2	0	0	1	0	0	1	0	16	4	3	0	0	0	0	0	0	0	0	0	0	0	0	2	0	0	0	0	0	0	0	0	0
k__Bacteria._.p__Firmicutes._.c__Clostridia._.o__Clostridiales._.f__Clostridiaceae_4._.g__Caminicella	0	0	0	0	0	0	0	0	0	0	0	0	0	0	0	0	0	0	0	0	0	0	0	0	0	0	0	0	0	0	0	0	0	0	0	0	0	0	0	0	0	0	0	0	0	0	0	0	0	0	0	0	0	0	0	0	0	0	0	0	0	0	0	0	0	0	0	0	0	0	0	0	0	0	0	0	0	0	0	0	0	0	0	0	0	0	0	0	0	0	0	0	0	0	0	0	0	0	1	0	0	0	0	0	0	0	0	0	0	0	0	0	0	0	0	0
k__Bacteria._.p__Firmicutes._.c__Clostridia._.o__Clostridiales._.f__Clostridiales_Incertae_Sedis_XI._.g__Anaerococcus	0	0	0	0	0	0	1	0	0	0	0	0	0	0	0	0	0	0	0	0	0	0	0	0	0	0	0	0	0	0	0	0	0	1	0	0	1	0	0	0	0	0	0	15	0	0	0	0	0	0	1	3	0	0	0	0	0	0	0	0	0	0	8	0	0	0	0	0	0	0	0	0	0	0	0	0	0	3	0	0	0	0	0	0	0	0	0	0	2	0	0	2	0	0	2	1	0	0	0	0	0	0	0	0	0	0	0	2	0	0	0	0	6	0	0	0
k__Bacteria._.p__Firmicutes._.c__Clostridia._.o__Clostridiales._.f__Clostridiales_Incertae_Sedis_XI._.g__Finegoldia	0	0	0	0	0	0	0	0	0	0	0	0	0	0	2	0	0	0	0	0	0	0	0	0	0	0	0	0	0	0	0	0	0	1	0	0	0	0	0	0	0	0	0	1	0	1	0	0	0	0	0	2	0	0	0	0	0	0	0	0	0	0	1	0	0	0	0	0	0	0	0	0	0	0	0	0	0	0	0	2	0	0	0	0	0	0	0	0	0	0	0	0	0	1	1	0	0	0	0	0	0	0	0	0	0	0	0	0	0	0	0	0	1	0	0	0
k__Bacteria._.p__Firmicutes._.c__Clostridia._.o__Clostridiales._.f__Clostridiales_Incertae_Sedis_XI._.g__Parvimonas	0	1	0	4	0	0	0	5	0	0	0	1	0	9	0	0	1	0	1	1	1	0	0	0	0	0	0	0	1	0	0	0	0	0	1	0	0	0	11	0	0	19	0	821	0	1	1	4	0	0	81	16	0	31	127	0	2	0	0	0	0	0	0	1	1	1	0	91	1	4	7	0	0	4	0	1	0	38	1	1	2	0	0	0	0	0	0	1	0	11	3	0	1	3	0	3	6	0	14	97	0	3	55	1	0	22	0	23	0	0	0	42	4	2	0	0
k__Bacteria._.p__Firmicutes._.c__Clostridia._.o__Clostridiales._.f__Clostridiales_Incertae_Sedis_XI._.g__Peptoniphilus	0	1	0	0	0	0	0	0	0	0	0	0	0	0	0	0	1	0	0	0	0	0	0	0	0	0	0	5	0	0	0	1	0	0	0	3	0	0	2	0	0	0	3	78	0	0	0	0	4	0	0	0	0	0	1	0	0	0	0	0	0	0	17	0	0	0	0	0	0	1	1	1	0	0	0	0	0	0	0	1	0	0	0	0	0	0	0	0	0	0	3	0	0	0	1	0	0	0	0	1	0	0	0	0	0	1	1	4	0	0	0	0	1	0	0	0
k__Bacteria._.p__Firmicutes._.c__Clostridia._.o__Clostridiales._.f__Clostridiales_Incertae_Sedis_XII._.g__Fusibacter	0	0	0	0	0	0	0	0	0	0	0	0	0	0	0	0	0	0	0	0	0	0	0	0	0	0	0	0	0	0	1	0	0	0	0	0	0	0	0	0	0	0	0	0	0	0	0	0	0	0	0	0	0	0	0	0	0	0	0	0	0	0	0	0	0	0	0	0	0	0	0	0	0	0	0	0	0	0	0	0	0	0	0	0	0	0	0	0	0	0	0	0	0	0	0	0	0	0	2	0	0	0	0	2	0	0	0	0	0	0	0	0	0	1	0	0
k__Bacteria._.p__Firmicutes._.c__Clostridia._.o__Clostridiales._.f__Clostridiales_Incertae_Sedis_XII._.g__Guggenheimella	0	5	0	2	0	0	0	0	0	0	0	0	1	0	0	0	0	0	0	0	0	0	0	0	0	0	0	0	0	0	0	0	0	0	0	0	0	0	0	0	0	0	0	2	0	0	0	0	0	0	0	0	0	0	0	0	0	0	0	0	0	0	0	0	0	0	0	0	0	0	0	0	0	0	0	0	0	0	0	0	0	0	0	0	0	0	0	0	0	0	0	0	0	0	0	0	0	0	0	0	0	0	0	0	1	0	0	0	0	0	0	0	0	0	0	0
k__Bacteria._.p__Firmicutes._.c__Clostridia._.o__Clostridiales._.f__Clostridiales_Incertae_Sedis_XIII._.g__	7	63	10	80	3	4	10	6	7	28	13	0	6	0	0	4	38	0	43	1	0	0	7	7	27	16	0	25	1	0	2	6	0	0	20	0	0	28	6	22	6	8	0	10	1	14	11	0	0	19	19	9	15	0	0	3	12	14	30	20	0	3	60	0	5	5	3	73	4	59	3	0	9	6	0	57	16	7	16	0	0	37	0	14	0	1	9	0	120	33	4	0	23	29	3	2	0	3	2	0	0	14	76	4	4	17	5	3	0	0	2	0	22	44	0	5
k__Bacteria._.p__Firmicutes._.c__Clostridia._.o__Clostridiales._.f__Clostridiales_Incertae_Sedis_XIII._.g__Anaerovorax	0	19	7	1	3	0	0	0	11	5	0	0	52	21	3	1	0	17	25	0	6	0	0	11	33	3	0	0	5	0	0	20	7	3	0	48	0	6	28	1	14	14	1	0	0	41	0	0	1	6	8	0	14	5	16	2	4	31	5	17	24	10	0	5	0	1	2	1	2	0	0	1	0	5	0	17	1	54	3	8	14	31	0	5	0	3	6	1	0	16	0	8	0	8	5	0	0	47	0	0	0	24	35	0	0	0	0	5	0	3	0	3	9	0	27	0
k__Bacteria._.p__Firmicutes._.c__Clostridia._.o__Clostridiales._.f__Clostridiales_Incertae_Sedis_XIII._.g__Mogibacterium	0	10	0	40	1	0	0	0	0	49	8	14	0	32	7	138	281	0	93	10	6	0	3	2	0	4	1	177	4	3	11	2	9	0	20	0	3	151	3	13	11	3	10	0	0	0	7	3	6	3	7	25	7	1	2	6	0	4	19	8	8	18	1	0	3	0	1	95	20	3	7	3	1	6	0	4	2	5	197	7	6	3	0	2	0	2	2	0	21	5	23	5	0	4	1	15	8	25	1	2	1	209	9	0	4	51	1	40	0	0	0	1	1	3	0	75
k__Bacteria._.p__Firmicutes._.c__Clostridia._.o__Clostridiales._.f__Defluviitaleaceae._.g__Defluviitalea	0	2	0	0	15	8	3	0	0	0	3	0	3	0	0	0	0	0	0	0	0	0	5	0	0	0	0	0	0	0	0	0	0	0	0	2	0	0	9	7	0	0	0	0	0	0	0	0	0	0	0	1	4	0	0	0	0	2	4	0	0	0	0	0	0	0	0	12	0	1	10	0	9	0	0	0	0	0	0	0	0	0	0	0	0	0	0	0	0	0	15	0	0	0	0	0	0	1	0	0	0	0	5	1	0	6	0	0	0	0	0	0	0	0	0	0
k__Bacteria._.p__Firmicutes._.c__Clostridia._.o__Clostridiales._.f__Eubacteriaceae._.g__	0	0	0	2	0	0	0	0	0	3	0	0	0	101	0	0	0	0	0	0	0	0	0	0	0	0	0	2	0	1	0	0	0	0	0	1	0	1	0	0	0	0	0	0	53	0	0	0	29	0	2	0	0	0	0	1	0	0	0	0	0	0	0	0	0	0	0	0	0	0	0	0	0	4	0	0	0	53	1	5	0	0	0	0	0	0	0	0	0	0	2	0	0	0	0	4	383	5	0	0	1	0	0	0	0	0	0	0	479	0	0	0	0	0	0	0
k__Bacteria._.p__Firmicutes._.c__Clostridia._.o__Clostridiales._.f__Eubacteriaceae._.g__Anaerofustis	0	0	2	0	0	0	1	2	0	0	0	5	0	0	0	2	0	27	4	0	7	3	0	0	0	2	0	8	0	0	6	1	2	0	2	1	0	0	0	0	1	0	0	2	0	0	0	0	8	0	0	1	1	0	3	0	3	0	2	0	0	0	0	8	0	0	3	0	1	0	2	1	0	5	0	0	0	6	2	2	10	1	0	2	1	4	0	0	0	4	0	18	22	0	9	5	0	0	1	0	3	2	0	0	0	0	0	2	0	7	2	2	0	2	0	0
k__Bacteria._.p__Firmicutes._.c__Clostridia._.o__Clostridiales._.f__Eubacteriaceae._.g__Eubacterium	0	8	16	1	0	0	3	0	1	3	1	53	4	138	4	0	1	11	5	3	106	1	1	0	22	6	4	271	3	2	83	89	45	143	1	8	2	0	15	3	2	2	17	8	0	3	3	0	75	1	3	3	3	18	8	0	0	3	7	8	1	14	3	99	0	221	20	3	1	6	47	7	5	7	0	5	3	73	11	26	39	9	1	5	0	2	3	6	1	32	12	7	96	3	8	4	11	15	22	2	54	4	7	1	5	3	80	0	0	31	0	23	0	0	9	0
k__Bacteria._.p__Firmicutes._.c__Clostridia._.o__Clostridiales._.f__Eubacteriaceae._.g__Pseudoramibacter	0	0	0	0	0	0	0	0	0	0	0	0	0	12	0	0	0	0	0	0	0	0	0	0	0	0	0	0	0	0	0	0	0	0	0	0	0	0	0	0	0	0	0	0	0	0	0	0	1	0	0	0	0	0	0	0	0	0	0	0	0	0	0	0	0	0	0	0	0	0	0	0	0	0	0	1	0	1	0	0	0	0	0	0	0	0	0	0	0	0	0	0	0	0	0	0	6	0	0	0	0	0	0	0	0	0	0	0	19	0	0	0	0	0	0	0
k__Bacteria._.p__Firmicutes._.c__Clostridia._.o__Clostridiales._.f__Gracilibacteraceae._.g__Gracilibacter	0	0	5	1	0	0	0	0	0	1	0	0	0	0	0	0	0	0	0	0	0	0	0	0	0	0	0	0	0	0	1	0	0	0	0	0	0	0	0	0	0	0	0	0	0	0	0	0	0	0	0	0	0	0	0	0	0	0	0	1	0	0	0	0	0	0	0	0	0	0	0	0	0	0	0	0	0	0	0	0	0	0	0	0	0	0	0	0	0	0	0	0	0	0	0	0	0	0	0	0	0	0	0	0	0	0	0	0	0	0	0	0	1	0	0	0
k__Bacteria._.p__Firmicutes._.c__Clostridia._.o__Clostridiales._.f__Incertae_Sedis_XI._.g__	0	0	0	0	0	0	0	0	0	0	0	0	0	0	0	0	0	0	0	0	0	0	0	1	0	0	0	0	0	0	0	1	0	0	0	0	0	0	0	0	2	0	0	0	0	1	0	0	6	2	0	0	0	0	0	0	0	0	0	0	0	1	0	5	0	5	0	0	0	0	1	0	0	0	0	0	0	4	0	0	5	3	0	0	0	0	0	1	0	0	0	2	0	1	0	0	0	0	0	0	2	0	0	0	0	0	0	0	3	0	0	0	0	0	4	0
k__Bacteria._.p__Firmicutes._.c__Clostridia._.o__Clostridiales._.f__Incertae_Sedis_XI._.g__Dethiosulfatibacter	0	0	0	0	0	0	0	0	0	0	0	0	0	0	0	0	0	0	0	0	0	0	0	0	0	0	0	0	0	0	0	0	0	0	2	0	0	0	0	0	0	0	0	0	0	0	0	0	0	0	0	0	0	0	0	0	0	0	0	0	0	0	0	0	0	0	0	0	0	0	0	0	0	0	0	0	0	1	2	0	1	0	0	0	0	0	0	0	0	0	0	0	0	0	0	0	0	0	0	0	0	0	0	0	0	0	0	0	0	0	0	0	0	0	0	0
k__Bacteria._.p__Firmicutes._.c__Clostridia._.o__Clostridiales._.f__Incertae_Sedis_XI._.g__Murdochiella	0	0	0	0	0	0	0	0	0	0	0	0	0	0	0	0	0	0	0	0	0	0	0	0	0	0	0	0	0	0	0	0	0	0	1	0	1	0	0	0	0	0	0	1	0	0	0	0	0	0	0	0	0	0	0	0	0	0	0	0	0	0	0	0	0	0	0	0	0	0	0	0	0	0	0	0	0	0	0	0	0	0	0	0	0	0	0	0	0	0	0	0	0	2	0	2	0	0	0	0	0	0	0	0	0	0	0	0	0	0	0	0	0	0	0	0
k__Bacteria._.p__Firmicutes._.c__Clostridia._.o__Clostridiales._.f__Lachnospiraceae._.g__	114	2164	809	833	1254	1757	489	671	2427	1026	749	377	289	735	508	576	402	608	643	2085	1202	63	674	1322	1623	1304	2120	468	100	62	1896	968	727	466	727	137	2796	1180	792	571	782	1657	579	528	436	531	1068	720	1119	1553	615	627	733	592	1174	912	1028	563	687	1261	602	106	1693	568	328	647	552	332	1142	827	1380	1126	2211	852	223	1644	2171	664	373	982	841	750	89	1303	45	721	1265	982	416	1622	1233	1936	455	1000	153	2660	42	1990	273	511	1017	467	718	1750	1269	1064	266	861	218	357	585	372	968	1067	150	361
k__Bacteria._.p__Firmicutes._.c__Clostridia._.o__Clostridiales._.f__Lachnospiraceae._.g__Anaerostipes	5	163	707	8	21	52	1858	781	17	519	367	2721	219	538	3089	37	53	4029	581	105	800	14	781	919	339	118	754	55	5	3	331	409	34	52	983	2	316	927	93	311	981	302	451	1010	53	44	218	206	678	189	258	56	77	18	341	54	166	327	880	258	457	28	570	80	10	342	68	89	358	3151	1191	1257	467	2386	10	1590	409	212	429	1434	1570	2729	25	879	635	357	672	2088	47	226	2093	1636	767	60	3633	305	4	11	16	7	315	54	38	402	524	18	12	89	174	164	130	1379	80	276	29	21
k__Bacteria._.p__Firmicutes._.c__Clostridia._.o__Clostridiales._.f__Lachnospiraceae._.g__Blautia	41	1521	1745	535	266	436	5412	1675	882	1027	2710	2435	712	4635	8214	826	675	15341	6434	978	6877	1602	2694	2057	1395	1335	2026	229	46	307	2735	2877	398	8127	1236	165	3005	5171	1783	1404	4161	3533	5423	4231	2268	163	1104	2793	3946	1431	1022	1123	292	801	2537	201	2331	2884	2135	1398	3665	776	1782	6005	538	1980	450	375	1591	5663	5733	4050	4359	11646	863	6704	1197	1188	1499	4433	2127	3729	1974	4861	2290	2447	4122	2740	873	1382	4508	5282	5070	1580	11305	6340	180	742	235	1005	2194	945	745	1275	1847	1234	5790	2172	3387	120	2894	3699	2044	1434	113	1189
k__Bacteria._.p__Firmicutes._.c__Clostridia._.o__Clostridiales._.f__Lachnospiraceae._.g__Cellulosilyticum	0	4	0	0	0	0	0	0	39	0	0	0	0	0	0	0	0	0	0	0	0	0	0	0	0	9	0	0	0	0	0	0	0	0	0	0	0	0	0	0	0	0	0	0	0	0	0	0	0	0	0	0	0	0	0	0	0	0	0	0	0	0	0	0	0	0	0	0	0	0	0	0	0	0	0	0	21	0	0	0	0	0	0	0	0	0	0	0	0	0	0	0	0	0	0	0	0	0	0	0	0	0	0	0	0	0	0	3	0	0	0	0	1	1	0	0
k__Bacteria._.p__Firmicutes._.c__Clostridia._.o__Clostridiales._.f__Lachnospiraceae._.g__Clostridium_XlVa	624	551	706	1140	961	1427	815	869	1318	193	160	238	195	491	121	292	272	20	50	832	726	631	824	1450	178	723	357	134	98	5042	341	1042	243	726	178	236	273	124	1332	195	124	260	108	576	628	757	224	9051	636	1203	219	459	1343	521	346	542	1235	671	230	464	769	674	1786	590	340	158	392	84	299	348	1150	1866	820	105	106	335	1297	325	123	63	394	117	1356	566	95	318	151	1826	495	871	152	538	133	395	236	207	1544	929	442	204	243	387	377	855	217	459	3036	132	1284	189	611	613	313	214	4469	248
k__Bacteria._.p__Firmicutes._.c__Clostridia._.o__Clostridiales._.f__Lachnospiraceae._.g__Clostridium_XlVb	31	6	116	209	40	77	177	38	6	21	3	32	204	50	82	18	51	0	1	22	103	113	30	3	3	4	0	0	5	0	1	95	35	70	20	58	15	56	278	1	236	62	51	8	175	313	56	47	19	8	5	44	70	1109	191	40	315	254	15	69	71	143	438	21	4	0	0	4	15	87	44	52	41	9	9	151	13	300	18	0	313	42	72	59	0	61	72	43	59	75	8	6	2	82	12	5	25	37	2	349	49	8	42	286	114	108	981	0	0	10	269	12	9	7	4	7
k__Bacteria._.p__Firmicutes._.c__Clostridia._.o__Clostridiales._.f__Lachnospiraceae._.g__Coprococcus	44	1078	207	638	2120	446	257	746	3239	1937	547	0	947	89	1535	1985	28	16	1041	1089	227	75	429	631	593	1036	259	333	3	0	393	296	895	634	1218	11	43	1890	384	377	3610	474	1941	798	204	268	1705	17	0	3591	807	2069	80	122	824	53	1714	629	637	2175	841	7	451	564	317	212	186	415	566	361	2362	414	1727	2436	148	256	4681	738	1659	733	870	1951	869	674	423	302	1645	1	409	1712	1109	1258	596	448	141	687	74	851	91	358	164	733	483	1829	804	520	884	189	0	239	266	97	933	1546	0	248
k__Bacteria._.p__Firmicutes._.c__Clostridia._.o__Clostridiales._.f__Lachnospiraceae._.g__Dorea	34	345	241	101	100	103	404	117	326	169	570	291	433	157	691	254	397	512	1673	339	1305	327	147	413	107	514	605	276	8	0	654	1129	118	2131	137	60	239	1585	207	529	961	439	518	770	337	73	454	201	23	308	580	236	67	267	1362	61	978	483	394	245	0	20	1012	1103	216	50	63	108	272	713	1206	574	336	1213	147	2359	277	220	139	2057	607	1350	1	774	92	391	619	143	374	138	134	757	2024	454	1271	1285	0	266	70	1091	1027	765	151	421	559	222	1	1048	152	59	1214	99	755	613	0	535
k__Bacteria._.p__Firmicutes._.c__Clostridia._.o__Clostridiales._.f__Lachnospiraceae._.g__Hespellia	2	71	91	95	6	28	62	2	23	52	46	70	55	101	36	9	30	296	103	14	36	30	68	31	26	20	0	6	0	0	0	45	10	0	98	3	11	73	52	10	148	18	135	29	217	11	19	2	0	20	49	33	10	59	0	10	25	20	31	39	147	37	53	0	3	25	3	4	1	53	101	85	39	48	18	117	11	0	27	165	25	89	0	0	105	13	39	2	49	7	132	319	83	54	0	147	2	50	21	61	69	18	34	69	4	13	0	29	0	5	34	48	53	31	0	20
k__Bacteria._.p__Firmicutes._.c__Clostridia._.o__Clostridiales._.f__Lachnospiraceae._.g__Howardella	0	0	0	20	0	62	0	0	22	56	0	0	0	0	142	0	12	0	45	7	0	0	0	0	19	0	0	20	0	0	0	0	0	0	0	0	0	0	0	38	0	0	0	0	0	0	15	0	0	136	81	9	5	14	0	5	0	0	0	0	1	12	9	0	0	0	0	16	0	0	0	0	0	0	3	0	0	0	0	0	0	25	21	0	0	0	0	0	28	0	0	0	0	0	0	47	0	24	0	0	0	28	2	0	0	0	0	0	0	0	12	0	0	36	0	10
k__Bacteria._.p__Firmicutes._.c__Clostridia._.o__Clostridiales._.f__Lachnospiraceae._.g__Lachnoanaerobaculum	0	0	0	0	0	0	0	0	0	1	0	0	0	0	0	0	0	0	0	0	0	0	0	0	0	0	0	0	0	0	0	0	1	0	0	0	0	0	0	0	0	0	0	2	0	0	0	0	0	1	0	0	0	1	0	0	0	0	0	0	0	0	0	0	0	0	0	0	0	0	0	0	6	0	0	0	1	0	0	0	0	0	0	0	0	0	0	0	0	0	0	0	0	0	0	0	0	0	0	0	0	0	0	0	0	0	0	0	0	0	0	0	0	0	0	0
k__Bacteria._.p__Firmicutes._.c__Clostridia._.o__Clostridiales._.f__Lachnospiraceae._.g__Lachnobacterium	0	0	0	0	0	0	0	0	0	0	0	0	0	0	0	0	0	0	0	0	0	0	0	0	0	0	0	0	0	0	0	0	0	0	0	0	0	0	0	0	0	0	0	0	0	0	0	0	0	0	0	0	0	0	0	0	0	0	0	0	0	0	0	0	0	0	0	0	0	0	1	0	0	0	0	0	0	0	0	0	0	0	0	0	0	0	0	0	0	0	0	0	0	0	0	0	0	0	0	0	0	0	0	0	0	0	0	0	0	0	0	0	0	0	0	0
k__Bacteria._.p__Firmicutes._.c__Clostridia._.o__Clostridiales._.f__Lachnospiraceae._.g__Lachnospiracea_incertae_sedis	57	1342	3257	1043	455	289	2508	718	921	628	1598	374	285	1726	1489	1027	635	839	993	727	1966	354	697	1088	2371	302	1014	91	35	1	939	1194	326	418	349	283	906	1534	607	1429	866	664	1966	1250	550	162	613	167	1417	1505	706	442	638	105	478	1559	880	1810	1019	1646	585	65	639	388	233	1485	325	259	794	1028	3014	664	475	1078	197	1128	242	581	817	844	1632	1196	585	1462	1027	551	614	2	1318	1203	760	1986	962	1057	617	706	21	228	93	267	440	503	220	760	2248	260	2689	1393	0	415	465	567	355	1203	4247	188
k__Bacteria._.p__Firmicutes._.c__Clostridia._.o__Clostridiales._.f__Lachnospiraceae._.g__Lactonifactor	0	1	12	0	0	0	4	0	0	0	0	0	0	0	6	0	0	2	0	0	0	0	0	0	0	0	0	0	0	0	6	3	0	10	0	0	1	0	1	0	0	0	0	0	0	0	0	0	3	0	0	0	0	0	0	0	0	1	0	0	4	0	0	2	0	0	12	0	1	0	6	3	0	0	0	19	0	0	0	1	0	0	11	0	0	0	1	8	0	0	5	0	15	4	1	0	1	1	1	0	1	2	0	0	4	0	4	0	88	4	3	5	0	0	0	0
k__Bacteria._.p__Firmicutes._.c__Clostridia._.o__Clostridiales._.f__Lachnospiraceae._.g__Moryella	0	0	0	0	0	0	0	0	0	0	0	0	0	0	0	0	0	0	0	0	0	0	0	0	0	0	0	0	0	0	0	0	0	0	0	0	0	0	0	0	0	0	0	0	0	0	0	0	0	0	0	1	0	1	0	0	0	0	0	0	0	0	0	0	0	0	0	0	0	0	0	0	0	0	0	0	0	0	0	0	0	0	0	0	0	0	0	0	0	0	0	0	0	0	0	0	0	0	0	0	0	0	0	0	0	0	0	0	0	0	0	0	0	0	0	0
k__Bacteria._.p__Firmicutes._.c__Clostridia._.o__Clostridiales._.f__Lachnospiraceae._.g__Oribacterium	0	2	0	2	0	0	0	0	0	0	0	0	0	0	0	1	0	0	0	0	0	0	0	1	0	0	1	0	0	0	0	0	0	0	0	0	0	0	0	0	0	0	6	0	0	1	0	4	0	0	0	3	0	7	0	0	0	0	1	0	6	0	1	0	1	0	0	0	0	0	0	0	2	0	0	0	0	0	1	0	0	0	0	1	0	3	0	2	0	0	0	0	0	1	0	0	1	0	0	0	0	0	0	0	0	3	4	0	0	0	3	0	0	1	0	0
k__Bacteria._.p__Firmicutes._.c__Clostridia._.o__Clostridiales._.f__Lachnospiraceae._.g__Pseudobutyrivibrio	0	0	0	0	1	4	0	0	0	0	1	0	0	0	0	0	24	0	0	28	0	0	0	0	0	0	0	0	0	0	0	0	0	0	0	0	0	0	0	0	0	0	0	0	0	0	0	1	0	0	0	20	14	0	0	0	0	0	0	0	0	0	0	0	0	0	0	0	0	0	0	0	3	0	0	0	0	0	0	0	0	0	0	0	0	0	0	0	0	0	0	0	0	0	0	0	0	0	0	214	0	7	0	0	0	41	0	0	0	0	0	0	0	2	0	0
k__Bacteria._.p__Firmicutes._.c__Clostridia._.o__Clostridiales._.f__Lachnospiraceae._.g__Robinsoniella	0	11	0	0	0	0	3	0	2	0	1	0	0	0	0	0	0	0	0	0	0	0	0	0	0	0	0	0	0	0	0	0	0	0	2	0	0	0	0	0	0	4	0	0	0	1	0	0	0	0	0	0	6	0	0	2	0	0	1	1	0	0	0	0	0	0	0	0	1	1	0	0	0	0	0	0	2	0	1	0	1	0	0	0	0	0	0	0	0	0	1	0	0	2	0	0	0	0	0	0	1	0	0	0	0	0	0	0	0	0	0	0	0	1	0	0
k__Bacteria._.p__Firmicutes._.c__Clostridia._.o__Clostridiales._.f__Lachnospiraceae._.g__Roseburia	124	1571	290	875	1105	792	467	1319	2059	515	2025	13	351	107	56	438	701	96	550	628	765	197	1185	2301	470	1436	2443	20	17	94	1157	3720	1012	103	325	471	3638	2431	755	305	1510	308	501	486	170	460	539	42	960	866	530	391	379	3945	2435	395	1	317	677	1350	21	44	1752	169	1283	16	96	194	412	1254	962	1605	725	119	843	2330	1095	36	110	1966	1098	84	537	1125	206	2036	208	1	718	376	192	59	2045	308	36	371	9	1217	18	2011	318	712	779	1567	449	530	0	1172	119	3	1316	1445	616	720	1	981
k__Bacteria._.p__Firmicutes._.c__Clostridia._.o__Clostridiales._.f__Lachnospiraceae._.g__Ruminococcus2	160	380	1254	381	127	99	349	471	129	475	316	171	445	47	1106	469	185	56	1469	379	1103	129	75	569	480	335	539	282	7	406	646	1747	131	1758	144	157	2688	402	393	155	812	1159	1669	325	699	158	87	386	173	436	194	374	149	1030	1133	259	975	514	398	207	112	240	169	68	254	106	407	231	422	4890	2257	476	942	1075	377	959	316	168	355	1665	160	674	597	113	953	298	821	642	889	976	95	3607	1308	1100	11	310	73	353	49	1584	719	335	366	673	343	402	12	16	27	26	239	279	1704	342	3	1164
k__Bacteria._.p__Firmicutes._.c__Clostridia._.o__Clostridiales._.f__Lachnospiraceae._.g__Syntrophococcus	0	0	0	0	0	0	0	0	1	0	0	0	0	0	0	0	0	0	0	0	0	0	0	0	0	0	0	0	0	0	0	0	0	0	0	0	0	0	0	0	0	0	0	0	0	1	0	0	0	0	0	0	0	0	0	0	0	1	1	0	0	0	0	0	0	0	0	0	0	0	0	0	0	0	0	0	0	0	0	0	0	0	0	0	0	0	0	0	0	0	0	0	0	0	0	0	0	0	0	0	0	0	2	0	0	0	0	0	3	0	0	78	0	0	1	0
k__Bacteria._.p__Firmicutes._.c__Clostridia._.o__Clostridiales._.f__Peptococcaceae_1._.g__	0	0	0	0	0	0	0	0	0	0	0	0	0	0	0	0	0	0	0	0	0	0	0	0	0	0	0	0	0	0	0	0	0	0	0	0	0	0	0	0	0	0	0	0	0	0	0	0	0	0	0	0	0	0	0	0	0	3	0	0	0	0	0	0	0	0	0	0	0	0	0	0	0	0	0	0	0	0	0	0	0	0	0	0	0	0	0	0	0	0	0	0	0	0	0	0	0	0	0	0	0	0	0	0	0	18	0	0	0	0	0	0	0	0	0	0
k__Bacteria._.p__Firmicutes._.c__Clostridia._.o__Clostridiales._.f__Peptococcaceae_1._.g__Peptococcus	0	0	0	25	0	0	0	0	0	39	0	0	0	128	0	87	0	0	0	0	0	0	0	45	0	47	0	0	0	0	35	0	0	0	0	0	0	0	0	32	0	0	0	1	0	0	0	0	1	2	54	0	10	151	0	0	0	0	0	0	36	0	3	141	0	0	0	0	92	0	0	0	0	0	29	0	0	0	0	0	0	0	0	1	0	0	132	0	35	109	0	0	0	0	0	0	21	134	0	23	0	96	0	0	40	0	0	0	0	0	23	0	0	46	0	0
k__Bacteria._.p__Firmicutes._.c__Clostridia._.o__Clostridiales._.f__Peptostreptococcaceae._.g__	0	4	2	0	0	2	1	0	6	1	5	0	6	10	0	4	0	0	5	6	4	0	0	5	0	3	9	4	4	0	2	0	0	1	1	0	0	2	1	11	2	1	6	18	0	2	11	20	6	3	2	1	0	0	0	0	0	1	3	1	0	0	0	0	2	1	0	0	1	14	18	0	2	8	0	12	9	10	0	15	16	1	0	16	0	3	5	0	0	0	6	56	12	4	0	0	0	0	0	0	4	2	0	2	1	0	1	5	0	1	1	0	0	1	0	4
k__Bacteria._.p__Firmicutes._.c__Clostridia._.o__Clostridiales._.f__Peptostreptococcaceae._.g__Clostridium_XI	3	456	111	2	18	51	11	18	872	160	212	15	72	575	4	407	13	17	154	820	98	73	164	364	407	338	300	103	85	29	175	9	65	6	260	0	25	5	27	228	93	150	297	144	0	16	292	1647	182	222	98	46	5	6	430	7	44	34	73	96	14	18	9	110	59	23	166	1189	33	181	307	1	51	175	13	364	903	461	9	403	395	44	3	201	25	87	146	7	236	103	40	961	382	79	3	0	25	156	15	0	9	43	0	39	154	264	85	949	4	172	3	40	151	226	14	84
k__Bacteria._.p__Firmicutes._.c__Clostridia._.o__Clostridiales._.f__Peptostreptococcaceae._.g__Filifactor	0	0	0	0	0	0	0	0	0	0	0	0	0	0	0	0	0	0	0	0	0	0	0	0	0	0	0	0	0	0	0	0	0	0	0	0	0	0	0	0	0	0	1	0	0	0	0	0	0	0	0	8	0	0	0	0	0	0	0	0	0	0	0	0	0	0	0	0	0	0	0	0	0	0	0	0	0	0	0	0	0	0	0	0	0	0	0	0	0	0	0	0	0	0	0	0	0	0	0	0	0	0	0	0	0	0	0	0	0	0	0	0	0	0	0	0
k__Bacteria._.p__Firmicutes._.c__Clostridia._.o__Clostridiales._.f__Peptostreptococcaceae._.g__Peptostreptococcus	0	0	0	0	0	0	1	2	0	0	0	0	0	5	0	0	0	0	0	0	0	1	0	0	0	0	0	1	2	0	1	0	0	0	0	0	0	0	11	1	1	9	5	383	0	0	1	1	13	0	0	12	0	54	92	0	5	2	0	0	5	23	2	0	1	0	0	7	0	0	0	1	0	1	0	0	0	224	2	0	2	0	0	0	0	0	0	0	12	38	2	0	0	2	0	0	12	0	0	907	0	0	40	0	0	117	0	10	0	0	0	16	215	1	0	0
k__Bacteria._.p__Firmicutes._.c__Clostridia._.o__Clostridiales._.f__Ruminococcaceae._.g__	315	2013	4735	5404	3519	1220	1410	236	1211	3064	1152	1796	1896	2094	252	1488	3061	1278	1646	729	1156	51	1643	1218	1980	2241	304	6072	605	88	2050	1739	7479	518	3365	2679	130	879	2162	1213	1761	1897	651	957	568	1803	1002	20	653	1749	1625	1740	3336	150	924	4335	1660	4177	3513	1035	568	2834	706	1717	1531	1772	2433	3432	2336	1049	2332	319	1344	926	1062	1799	1723	1914	2222	1673	2195	2876	37	2261	369	548	2966	47	4758	1542	3790	1089	2410	3980	1914	863	883	3282	2485	523	2212	1743	4343	1270	1808	1798	325	668	158	3543	619	540	983	1847	245	652
k__Bacteria._.p__Firmicutes._.c__Clostridia._.o__Clostridiales._.f__Ruminococcaceae._.g__Acetanaerobacterium	16	44	12	166	10	21	4	22	24	10	0	0	7	12	32	28	6	0	22	14	23	7	8	5	2	14	0	7	5	0	35	64	241	0	7	29	0	3	5	14	9	62	2	7	1	45	2	0	74	17	3	30	24	81	1	12	1	11	6	5	40	3	4	130	13	60	5	15	3	0	4	0	24	0	3	3	10	137	16	0	24	4	0	8	0	3	15	0	172	37	10	21	13	45	6	5	2	134	5	0	14	30	115	6	29	12	255	1	0	270	66	68	51	14	49	45
k__Bacteria._.p__Firmicutes._.c__Clostridia._.o__Clostridiales._.f__Ruminococcaceae._.g__Acetivibrio	0	0	0	9	1	0	0	0	0	0	0	0	0	0	0	0	0	0	0	0	0	0	0	0	0	0	0	0	0	0	0	0	0	0	7	3	0	0	0	6	0	1	0	0	0	0	15	0	0	0	1	0	0	0	0	1	47	0	0	0	0	0	0	0	0	0	0	0	0	0	1	0	0	0	0	0	0	0	0	0	0	0	0	0	0	0	0	0	1	0	0	0	0	2	0	0	0	0	0	0	0	0	34	0	20	0	0	0	0	1	0	0	0	0	0	1
k__Bacteria._.p__Firmicutes._.c__Clostridia._.o__Clostridiales._.f__Ruminococcaceae._.g__Anaerofilum	0	0	1	0	0	0	1	0	0	2	0	0	1	0	2	0	0	0	1	0	4	0	0	0	1	0	0	8	70	0	1	3	2	0	1	5	0	0	5	0	3	3	0	1	0	7	0	0	0	0	1	0	2	0	0	6	0	2	0	1	0	2	0	2	0	0	1	0	0	1	1	0	0	0	0	0	0	0	1	0	0	5	0	1	0	0	1	0	0	1	3	0	0	1	0	0	0	1	0	0	1	2	4	0	0	1	0	0	0	0	2	1	0	3	0	0
k__Bacteria._.p__Firmicutes._.c__Clostridia._.o__Clostridiales._.f__Ruminococcaceae._.g__Anaerotruncus	0	4	3	1	3	1	7	3	0	1	2	0	0	0	0	4	8	1	2	0	0	0	0	0	0	0	0	13	2	0	8	22	4	0	1	371	0	0	16	1	1	1	0	4	4	3	0	0	4	2	2	4	2	0	1	10	0	2	0	0	7	269	16	0	0	57	7	0	0	0	0	0	1	0	0	0	0	0	2	1	0	1	1	0	0	0	0	0	0	3	0	0	1	5	0	1	164	33	2	0	2	0	6	1	0	0	10	0	5	441	1	7	5	0	34	0
k__Bacteria._.p__Firmicutes._.c__Clostridia._.o__Clostridiales._.f__Ruminococcaceae._.g__Butyricicoccus	6	14	14	27	14	110	44	66	33	31	396	2	78	16	12	10	9	1	98	496	51	54	56	36	174	78	62	3	1	23	42	29	33	0	45	11	41	78	77	83	32	112	2	26	65	90	89	0	14	24	30	17	22	39	20	47	1	5	26	38	38	7	36	20	17	7	26	12	84	1	13	12	63	198	4	13	37	3	80	5	13	5	10	5	0	26	19	38	7	13	57	2	3	27	34	14	2	58	5	28	36	36	13	50	96	1	126	16	27	6	50	30	47	267	53	34
k__Bacteria._.p__Firmicutes._.c__Clostridia._.o__Clostridiales._.f__Ruminococcaceae._.g__Clostridium_III	0	0	18	6	0	0	0	0	0	0	0	0	0	0	0	0	0	0	0	0	0	0	0	7	0	0	0	8	0	0	0	0	0	0	0	0	0	0	2	0	0	7	0	1	0	0	0	0	0	6	6	0	0	0	0	1	0	2	0	0	0	0	0	0	0	0	0	9	4	0	0	0	0	0	0	0	0	0	0	0	1	2	0	0	0	0	1	4	0	0	0	0	0	0	0	0	0	0	2	0	0	0	3	0	0	0	0	0	0	0	0	0	0	2	0	0
k__Bacteria._.p__Firmicutes._.c__Clostridia._.o__Clostridiales._.f__Ruminococcaceae._.g__Clostridium_IV	6	124	1520	786	178	226	1377	27	96	618	190	217	190	141	76	50	20	168	470	109	500	44	481	349	346	171	1	1233	72	3	171	626	625	45	684	1803	0	63	225	52	190	304	25	78	26	163	46	0	38	452	123	229	163	14	76	640	33	201	82	132	19	738	36	103	158	198	160	502	112	37	47	9	324	185	51	163	149	292	311	77	635	237	35	220	2	91	356	13	70	653	335	79	149	249	72	51	77	93	725	24	532	67	441	340	180	62	150	67	163	637	109	844	43	150	18	75
k__Bacteria._.p__Firmicutes._.c__Clostridia._.o__Clostridiales._.f__Ruminococcaceae._.g__Ethanoligenens	0	0	0	0	0	0	0	0	0	0	0	0	0	0	0	0	0	0	0	0	0	0	0	0	0	0	0	0	0	0	0	0	0	0	1	0	0	0	0	0	0	0	0	0	0	0	0	0	1	0	0	0	0	0	0	0	0	0	0	0	0	0	0	0	0	0	0	0	1	0	0	0	0	0	0	0	0	1	0	0	0	0	0	0	0	0	0	0	0	0	0	0	0	0	0	0	1	0	0	0	0	0	0	0	0	0	10	0	0	0	0	0	0	0	0	0
k__Bacteria._.p__Firmicutes._.c__Clostridia._.o__Clostridiales._.f__Ruminococcaceae._.g__Faecalibacterium	141	1398	622	935	1642	4437	2068	2263	1836	3590	2487	79	1857	302	872	2027	235	21	765	3310	1618	800	3214	6778	1621	5814	7786	481	30	65	3142	1259	1884	62	2379	618	2918	2537	1260	2162	1372	3688	308	265	1716	6305	1632	5	1544	1626	5126	2117	2734	1656	5883	2039	1279	1650	6540	3412	1099	233	1176	225	2039	1132	2206	1542	3197	2717	559	3147	4613	728	2169	2402	3521	379	652	640	2156	2077	5193	2702	11	7354	3121	1	491	1962	5672	1212	913	4564	492	324	187	2599	2099	1894	1625	1770	3813	4007	5014	3627	11	2256	1	233	917	2883	837	1452	302	1893
k__Bacteria._.p__Firmicutes._.c__Clostridia._.o__Clostridiales._.f__Ruminococcaceae._.g__Flavonifractor	16	44	45	83	68	17	113	52	30	47	3	4	39	17	10	19	37	2	0	20	47	64	25	3	60	52	28	26	16	400	83	111	123	12	28	139	11	22	95	27	6	65	3	1	88	38	10	0	183	5	16	26	107	30	171	51	30	22	61	8	75	81	53	38	14	31	32	123	18	17	5	27	33	3	22	45	24	91	20	74	22	62	57	25	1	31	45	187	37	120	11	71	88	17	12	8	59	119	87	278	91	23	77	25	33	33	522	4	70	101	30	66	38	46	98	13
k__Bacteria._.p__Firmicutes._.c__Clostridia._.o__Clostridiales._.f__Ruminococcaceae._.g__Gemmiger	63	317	6	109	101	211	4	33	59	508	766	0	232	5	119	283	229	22	316	264	638	26	180	138	350	285	357	197	86	0	413	49	248	608	198	38	0	1337	275	457	582	146	1771	176	37	257	166	0	69	600	510	108	67	8	1145	595	29	47	366	464	92	31	680	2793	126	58	73	395	286	62	63	135	873	337	484	142	116	252	123	1732	0	1355	0	1374	0	115	703	0	99	384	68	68	355	969	0	1227	142	599	41	0	302	324	37	485	246	69	0	97	0	26	0	189	608	613	0	234
k__Bacteria._.p__Firmicutes._.c__Clostridia._.o__Clostridiales._.f__Ruminococcaceae._.g__Hydrogenoanaerobacterium	0	1	2	0	6	0	0	1	0	7	1	0	0	0	2	0	0	0	0	0	0	5	0	0	0	0	0	1	1	0	2	3	3	0	0	0	0	7	0	0	1	1	0	3	0	0	0	0	0	0	0	0	1	0	0	1	2	2	0	2	0	0	0	0	1	0	0	3	1	0	2	0	0	2	0	0	1	2	1	0	1	3	0	0	0	0	2	1	1	1	5	0	6	1	1	0	0	0	0	0	1	0	4	0	0	0	0	0	0	0	0	0	0	7	0	0
k__Bacteria._.p__Firmicutes._.c__Clostridia._.o__Clostridiales._.f__Ruminococcaceae._.g__Oscillibacter	24	290	241	588	435	55	333	14	406	177	59	1	88	6	40	91	68	1	36	115	38	22	119	43	96	137	17	196	38	165	516	145	230	0	157	1273	10	21	219	59	60	619	1	129	223	491	75	0	138	71	92	380	1210	0	110	190	586	53	218	126	91	106	281	59	152	1478	55	255	78	15	459	39	351	4	56	26	267	193	796	2	74	52	100	165	0	49	91	9	145	352	397	10	18	333	17	13	196	506	50	63	55	77	745	128	237	124	75	32	63	416	35	67	34	105	20	124
k__Bacteria._.p__Firmicutes._.c__Clostridia._.o__Clostridiales._.f__Ruminococcaceae._.g__Papillibacter	0	0	0	0	0	0	0	3	2	0	0	0	4	0	2	0	0	0	4	0	0	0	0	0	0	0	0	11	0	0	0	0	0	0	0	0	0	0	1	1	0	2	0	25	0	0	0	0	0	19	1	0	1	0	0	0	0	0	0	1	0	0	0	0	0	0	0	0	0	0	0	0	0	0	0	0	1	0	0	0	0	0	0	0	0	0	7	0	0	1	0	0	0	0	0	0	0	0	0	0	0	0	0	0	0	0	0	0	0	0	0	0	0	0	0	0
k__Bacteria._.p__Firmicutes._.c__Clostridia._.o__Clostridiales._.f__Ruminococcaceae._.g__Pseudoflavonifractor	2	11	39	119	14	2	69	0	30	31	6	0	8	8	0	15	7	1	5	0	12	1	9	1	5	10	5	26	27	0	121	54	41	0	16	43	0	0	21	8	20	25	0	9	11	3	2	0	1	6	6	19	128	1	17	17	34	7	6	7	3	22	4	2	12	16	2	9	14	1	4	5	17	2	0	2	22	119	3	0	17	3	23	4	0	5	42	5	9	163	12	3	3	5	5	5	197	78	68	3	81	7	26	6	9	9	10	3	0	19	12	4	3	4	12	4
k__Bacteria._.p__Firmicutes._.c__Clostridia._.o__Clostridiales._.f__Ruminococcaceae._.g__Ruminococcus	164	3291	979	330	854	4220	1122	1484	1081	1314	949	7974	10356	3086	5419	395	302	5	3300	774	2734	708	947	2676	2199	4588	2142	199	174	753	1541	1771	700	59	2578	337	0	2962	909	2113	2713	2446	246	3304	752	2400	619	2	2595	3020	2547	645	310	4	2061	713	1314	1837	229	2829	6	163	2055	943	3925	8	2530	973	1308	2284	1108	501	640	603	77	1287	1888	690	1573	1259	1792	2885	1112	4188	935	4269	3756	18	215	871	579	3228	4364	1132	246	1000	32	992	1065	1	1961	492	941	1523	2212	457	5	352	6	905	1280	28	91	367	4	2065
k__Bacteria._.p__Firmicutes._.c__Clostridia._.o__Clostridiales._.f__Ruminococcaceae._.g__Sporobacter	0	70	178	211	291	15	23	34	195	176	82	0	143	3	23	430	54	0	9	17	18	0	36	35	22	88	0	27	4	0	71	42	19	2	353	256	0	52	170	47	497	231	0	40	46	65	65	0	123	133	89	73	334	1	0	177	95	296	61	33	12	6	143	83	53	27	182	133	224	40	1	0	72	0	24	1	160	85	28	15	301	198	0	71	1	20	70	2	222	82	104	12	103	221	1	8	253	316	36	0	64	24	176	84	42	410	4	9	2	94	4	1	8	102	7	34
k__Bacteria._.p__Firmicutes._.c__Clostridia._.o__Clostridiales._.f__Ruminococcaceae._.g__Subdoligranulum	3	53	32	35	66	30	14	9	18	62	37	462	68	62	274	4	11	22	253	183	24	9	107	50	105	51	2	29	93	105	58	45	42	137	15	37	43	9	238	12	70	12	3	129	11	60	6	0	61	83	106	20	67	20	49	22	3419	196	29	43	24	22	10	154	41	16	35	21	47	64	65	23	34	80	10	42	50	152	8	151	620	313	92	57	2	9	94	0	17	51	12	333	137	92	95	160	24	365	30	74	9	166	97	61	80	36	405	6	124	209	9	66	55	26	224	281
k__Bacteria._.p__Firmicutes._.c__Clostridia._.o__Clostridiales._.f__Syntrophomonadaceae._.g__Pelospora	0	0	0	0	0	0	0	0	0	0	0	0	0	0	0	0	0	0	0	0	0	0	0	0	0	0	0	0	0	0	0	0	0	0	0	0	0	0	0	0	0	0	0	0	0	0	0	0	0	0	0	0	1	0	0	0	0	2	0	0	0	0	0	0	0	0	0	0	0	0	0	0	0	0	0	0	0	0	3	0	0	0	0	0	0	0	0	0	0	0	0	0	0	0	0	0	0	0	0	0	0	0	0	0	0	0	0	0	0	0	0	0	0	0	0	0
k__Bacteria._.p__Firmicutes._.c__Erysipelotrichia._.o__Erysipelotrichales._.f__Erysipelotrichaceae._.g__	3	9	173	13	22	65	160	27	73	118	117	3	72	122	46	15	60	501	70	26	258	179	68	201	41	27	163	19	0	3	6	205	3	1	16	0	5	1	44	11	203	129	26	273	7	15	37	194	1	126	36	69	42	28	166	3	262	89	106	22	0	5	16	174	6	0	46	1	25	813	307	331	204	517	7	1528	53	24	11	353	93	7	0	1	132	33	97	0	173	11	103	520	341	57	2116	1	0	6	0	0	92	0	64	122	54	60	0	2	49	43	0	648	137	9	0	15
k__Bacteria._.p__Firmicutes._.c__Erysipelotrichia._.o__Erysipelotrichales._.f__Erysipelotrichaceae._.g__Bulleidia	0	0	0	0	0	0	0	0	0	0	0	0	0	0	0	0	0	0	0	0	0	0	0	0	0	0	0	2	0	0	0	0	22	0	0	0	0	12	0	5	0	0	0	0	0	0	0	0	0	0	0	0	0	0	0	0	0	0	0	0	0	0	0	0	0	0	0	0	0	0	0	0	0	0	0	9	0	0	0	0	0	0	0	0	0	0	0	0	0	0	0	0	2	0	0	8	0	0	0	0	0	0	0	0	0	5	0	0	0	0	1	0	0	0	0	0
k__Bacteria._.p__Firmicutes._.c__Erysipelotrichia._.o__Erysipelotrichales._.f__Erysipelotrichaceae._.g__Catenibacterium	1	1	3	0	1	3	12	0	6	7	2	0	11	2	0	1	349	34	10	1	1	1	0	10	0	1	12	19	0	0	0	15	0	0	1	0	0	466	1	106	3	2	862	27	1	20	2	12	0	6	0	4	0	0	7	0	12	6	3	0	0	0	0	5	2	0	4	5	1	55	11	13	4	17	24	42	0	4	1	11	3	198	0	0	1	2	8	0	1	51	6	45	19	1	103	423	0	0	0	10	6	200	0	2	0	0	0	0	1	0	0	24	4	130	0	142
k__Bacteria._.p__Firmicutes._.c__Erysipelotrichia._.o__Erysipelotrichales._.f__Erysipelotrichaceae._.g__Clostridium_XVIII	1	12	3	0	0	1	8	5	2	0	1	0	0	4	0	0	0	1	0	2	0	5	0	0	23	1	3	0	2	24	8	5	3	23	0	17	3	2	1	0	1	0	0	17	0	0	3	0	87	2	3	0	0	5	5	6	0	2	9	0	5	1	0	20	2	0	1	0	0	3	8	17	3	7	0	6	0	2	2	32	2	3	52	15	0	1	19	54	0	0	1	2	0	0	56	0	0	1	0	0	14	0	0	1	2	0	32	4	317	0	10	6	29	5	35	3
k__Bacteria._.p__Firmicutes._.c__Erysipelotrichia._.o__Erysipelotrichales._.f__Erysipelotrichaceae._.g__Coprobacillus	0	0	0	0	0	0	0	0	0	0	0	0	0	1	0	0	0	1	0	0	0	0	0	0	1	0	0	0	0	0	6	0	0	0	0	0	1	0	0	0	0	0	0	0	0	0	0	0	2	0	4	0	3	0	0	0	0	1	1	0	0	0	0	0	0	0	0	0	0	0	0	0	0	0	0	0	0	0	0	30	0	0	0	0	0	0	0	11	0	0	0	1	0	0	0	0	0	1	0	0	0	5	0	0	3	0	1	0	0	59	2	0	1	3	0	0
k__Bacteria._.p__Firmicutes._.c__Erysipelotrichia._.o__Erysipelotrichales._.f__Erysipelotrichaceae._.g__Erysipelotrichaceae_incertae_sedis	18	5	0	112	203	2	21	1	1	16	226	3	1	4	2	79	390	2	15	674	1	0	0	2	1	3	4	29	8	9	5	61	0	91	12	15	2	1	127	892	0	514	17	76	14	35	34	0	4	553	395	192	26	116	89	3	0	2	812	0	0	28	100	75	0	38	24	149	0	0	5	6	35	2	165	17	11	33	35	22	37	486	22	1	59	4	13	7	145	21	0	1	3	4	721	3	36	19	26	533	94	44	1	1	0	152	18	10	236	27	4	14	0	502	9	455
k__Bacteria._.p__Firmicutes._.c__Erysipelotrichia._.o__Erysipelotrichales._.f__Erysipelotrichaceae._.g__Holdemania	1	6	13	0	1	2	1	1	0	1	0	1	0	0	0	2	0	0	0	0	4	0	0	4	2	0	0	0	1	0	0	4	1	0	4	2	0	0	8	6	0	0	0	0	3	2	0	0	0	0	0	0	4	0	1	3	20	1	0	1	1	0	1	1	0	3	1	4	2	1	1	1	0	0	0	8	1	0	0	0	0	0	4	1	0	0	4	2	1	6	7	0	0	0	3	0	0	1	0	1	2	1	0	1	0	3	5	0	0	0	0	6	1	4	13	0
k__Bacteria._.p__Firmicutes._.c__Erysipelotrichia._.o__Erysipelotrichales._.f__Erysipelotrichaceae._.g__Solobacterium	0	0	0	0	0	0	0	0	0	0	0	0	0	6	0	0	0	0	0	0	0	0	1	1	2	0	0	0	0	0	2	0	0	0	0	2	0	0	0	1	0	0	14	80	0	0	0	0	1	0	0	3	0	0	8	0	0	1	0	3	0	0	0	2	1	0	0	7	0	0	2	3	0	0	0	1	0	3	1	1	0	0	0	0	0	1	1	0	1	7	1	0	2	0	0	2	0	0	0	2	0	0	9	0	0	1	1	1	0	0	0	0	0	0	2	0
k__Bacteria._.p__Firmicutes._.c__Erysipelotrichia._.o__Erysipelotrichales._.f__Erysipelotrichaceae._.g__Turicibacter	3	38	0	0	1	9	0	0	7	3	56	0	0	57	4	4	0	4	8	62	0	12	12	30	134	37	0	0	3	0	0	0	1	0	47	0	0	0	0	9	0	4	3	1	0	0	0	38	6	134	23	17	1	0	0	1	7	0	3	12	0	0	0	1	5	0	0	98	6	0	1	0	1	3	0	1	105	44	0	25	0	0	0	3	0	1	25	0	0	42	1	0	44	0	0	0	0	10	1	0	0	6	1	0	2	61	0	57	0	17	0	11	19	9	0	10
k__Bacteria._.p__Firmicutes._.c__Negativicutes._.o__Selenomonadales._.f__._.g__	0	0	0	1	0	0	0	0	0	0	0	0	1	0	0	0	0	0	0	0	0	0	0	0	0	0	0	0	0	0	0	0	0	0	1	0	0	0	1	0	0	0	0	0	0	0	0	0	0	0	2	0	1	0	0	0	0	6	0	0	0	0	0	0	0	0	0	0	0	0	0	0	0	0	0	0	0	0	0	0	0	0	0	0	0	0	1	0	0	0	0	0	0	0	0	0	0	0	0	0	0	0	0	0	1	0	0	0	0	0	0	0	0	0	0	0
k__Bacteria._.p__Firmicutes._.c__Negativicutes._.o__Selenomonadales._.f__Acidaminococcaceae._.g__	456	1	21	23	0	10	25	2	11	0	0	0	31	1	0	44	5	0	0	2	1	0	0	0	0	19	0	0	0	0	5	3	0	0	0	8	0	0	20	0	1	0	2	3	15	1	50	0	0	26	31	20	4	6	0	0	31	0	1	1	0	0	18	55	0	38	30	9	1	0	0	0	0	0	40	0	6	0	0	0	0	9	3	0	0	0	0	0	0	6	41	0	0	9	6	1	0	0	0	14	0	9	67	1	7	10	0	0	0	0	30	0	0	0	3	16
k__Bacteria._.p__Firmicutes._.c__Negativicutes._.o__Selenomonadales._.f__Acidaminococcaceae._.g__Acidaminococcus	804	47	694	2331	4	347	518	141	257	214	4	12	598	20	1	832	624	3	2	231	0	1374	2	0	2	419	0	1	2	45	2	0	0	1	0	3109	1209	0	439	669	1	0	187	193	381	26	969	1	78	388	334	1027	439	151	575	0	443	54	110	0	3	0	714	833	1	2079	756	92	0	0	75	1	0	0	570	0	321	0	37	8	0	90	259	0	0	0	0	60	81	126	694	0	27	367	3	0	0	437	0	429	1	812	1	1	0	1120	0	27	0	0	1615	152	0	2	57	202
k__Bacteria._.p__Firmicutes._.c__Negativicutes._.o__Selenomonadales._.f__Acidaminococcaceae._.g__Phascolarctobacterium	18	63	33	43	1	7	41	5	9	1	29	193	27	0	265	60	11	0	0	9	69	1	498	71	1	13	1	0	349	1592	502	955	0	0	821	1096	506	5	647	4	121	532	1	1	13	543	55	0	1	47	16	20	638	4	1	30	26	1888	0	220	1190	4290	18	48	1	11	33	2	141	120	0	613	13	3	37	150	2	79	393	6	70	5	3	102	1	566	379	601	3	20	53	0	0	8	0	0	575	1	0	13	943	8	605	292	380	10	2232	0	0	1	338	0	880	30	32	4
k__Bacteria._.p__Firmicutes._.c__Negativicutes._.o__Selenomonadales._.f__Acidaminococcaceae._.g__Succiniclasticum	0	0	0	0	0	0	0	0	0	0	0	0	0	0	0	0	0	0	1	0	0	0	0	0	0	0	0	0	0	0	0	0	0	0	0	0	0	0	0	0	0	0	0	0	0	0	0	0	0	0	0	0	0	0	0	0	0	0	0	0	0	0	1	0	26	0	0	0	0	0	0	0	0	0	0	0	0	0	0	0	0	0	0	0	0	0	0	0	0	0	0	0	0	0	0	0	0	0	0	0	0	0	0	0	0	0	0	0	0	0	0	0	0	0	0	0
k__Bacteria._.p__Firmicutes._.c__Negativicutes._.o__Selenomonadales._.f__Veillonellaceae._.g__	0	0	0	0	0	0	0	0	0	0	0	1	0	0	0	0	0	0	0	0	0	0	0	0	0	0	0	0	0	0	0	1	0	0	0	4	0	0	0	0	0	0	0	0	0	0	0	0	0	0	0	0	1	0	0	0	0	0	0	0	0	0	0	0	0	2	0	0	0	0	0	0	0	0	0	0	0	1	0	0	0	0	0	0	0	0	0	0	0	0	0	0	0	0	0	0	0	1	0	0	0	0	0	0	0	0	0	0	0	0	0	0	0	0	0	0
k__Bacteria._.p__Firmicutes._.c__Negativicutes._.o__Selenomonadales._.f__Veillonellaceae._.g__Allisonella	0	0	0	0	0	0	0	0	0	1	0	0	9	0	0	0	13	0	0	0	0	1	0	0	0	0	0	5	0	0	0	0	31	0	0	0	0	9	4	3	0	0	6	0	0	20	2	0	1	0	0	1	1	0	0	0	0	0	5	0	0	0	0	1	8	1	0	0	0	0	0	0	0	0	1	0	0	0	0	0	0	0	1	0	0	0	0	0	10	2	0	0	0	0	0	0	0	4	0	25	0	26	0	0	0	0	0	0	0	0	15	13	0	11	0	2
k__Bacteria._.p__Firmicutes._.c__Negativicutes._.o__Selenomonadales._.f__Veillonellaceae._.g__Anaeroglobus	0	0	0	0	0	0	0	0	0	0	0	0	0	0	0	0	0	0	0	0	0	0	0	0	0	0	0	0	0	0	0	0	0	0	0	0	0	0	0	0	0	0	0	0	0	0	0	0	0	0	0	0	0	0	0	0	0	0	0	0	0	2	0	0	0	0	0	0	0	0	0	0	0	0	0	0	0	0	0	0	0	0	0	0	0	0	0	0	0	0	0	0	0	0	0	0	0	0	0	0	0	0	0	0	0	0	1	0	0	0	0	0	0	0	0	0
k__Bacteria._.p__Firmicutes._.c__Negativicutes._.o__Selenomonadales._.f__Veillonellaceae._.g__Dialister	2	523	0	4	238	2	0	33	3	877	1426	0	0	0	0	0	541	0	0	0	1	342	0	288	700	0	6	146	0	3	3	0	1000	0	31	18	331	397	4	672	0	0	0	30	0	865	0	0	349	0	1	37	8	7	609	227	0	0	492	1	6	2	232	0	832	0	1	83	254	0	391	0	2	0	0	122	0	176	6	0	1309	0	0	2	165	35	0	0	387	2	0	268	309	1	0	88	2	424	37	0	0	643	72	0	0	28	1	0	0	0	0	114	52	279	0	0
k__Bacteria._.p__Firmicutes._.c__Negativicutes._.o__Selenomonadales._.f__Veillonellaceae._.g__Megamonas	0	0	0	0	2	0	0	0	0	0	0	4	0	0	0	0	244	0	0	0	90	4667	0	0	0	1	0	0	0	0	0	0	0	13	0	0	0	0	0	0	0	0	0	0	4	224	25	0	0	0	0	0	0	0	0	0	0	0	0	0	0	0	0	0	0	0	0	0	0	0	0	0	0	0	0	0	0	0	0	0	0	216	2	0	0	0	0	0	0	0	0	0	0	186	0	0	0	0	1	0	0	0	416	0	0	0	0	0	0	1	219	0	0	0	0	1
k__Bacteria._.p__Firmicutes._.c__Negativicutes._.o__Selenomonadales._.f__Veillonellaceae._.g__Megasphaera	0	0	0	81	0	0	0	1	2	2	0	1286	0	0	0	0	3194	0	1	0	0	201	0	1	1	0	2	0	0	0	0	0	1	0	0	359	0	0	1	1241	0	4	345	148	0	441	0	0	0	0	0	0	0	88	0	0	0	0	191	0	1	0	0	0	0	1438	137	1	0	0	73	4	3	0	57	44	0	1	3	0	1	1	473	2	0	0	0	0	298	21	0	0	16	55	0	134	1	0	0	224	1	551	0	0	0	0	8	136	0	0	0	0	1	0	0	0
k__Bacteria._.p__Firmicutes._.c__Negativicutes._.o__Selenomonadales._.f__Veillonellaceae._.g__Mitsuokella	0	0	0	14	2	0	0	0	0	0	0	0	0	0	0	0	1018	0	0	0	0	21	0	0	0	0	0	0	0	0	0	0	0	0	0	0	77	0	0	418	0	0	0	94	132	0	0	0	0	0	7	6	0	0	0	0	0	0	60	0	0	0	0	0	0	0	0	70	0	0	0	0	0	0	46	0	0	0	0	0	0	0	38	0	0	0	0	0	1079	26	0	0	0	0	0	0	0	37	0	29	0	283	0	0	0	0	0	0	0	0	0	0	0	0	0	0
k__Bacteria._.p__Firmicutes._.c__Negativicutes._.o__Selenomonadales._.f__Veillonellaceae._.g__Schwartzia	0	0	0	0	0	0	0	0	0	0	0	0	0	0	0	0	0	0	0	0	0	0	0	0	0	0	0	0	0	0	0	0	0	0	0	0	0	0	0	0	0	0	0	0	0	0	0	0	0	0	0	0	614	0	0	0	0	0	0	0	0	0	0	0	0	0	0	0	0	0	0	0	0	0	0	0	0	0	0	0	0	0	0	0	0	0	0	0	0	0	0	0	0	0	0	0	0	1	0	0	0	0	0	0	0	0	0	0	0	0	0	0	0	0	0	0
k__Bacteria._.p__Firmicutes._.c__Negativicutes._.o__Selenomonadales._.f__Veillonellaceae._.g__Selenomonas	0	0	0	0	0	0	0	0	0	0	0	0	0	0	0	0	134	0	0	0	0	1	0	0	0	0	0	0	0	0	0	0	0	0	0	0	0	0	1	0	0	0	0	0	0	0	0	0	0	0	0	1	85	6	7	0	0	1	0	0	0	1	0	0	0	0	0	0	0	0	0	0	0	0	0	0	0	0	0	0	0	0	0	0	0	0	0	0	0	0	0	0	0	0	0	0	0	0	0	0	0	0	0	0	0	2	0	0	0	0	0	2	0	0	0	0
k__Bacteria._.p__Firmicutes._.c__Negativicutes._.o__Selenomonadales._.f__Veillonellaceae._.g__Veillonella	1	62	1	3	2	5	7	15	173	19	49	0	3	9	11	0	19	0	2	14	2	1	1	82	70	4	136	2	0	843	0	1	5	0	3	0	28	9	0	14	6	0	3	8	0	23	1	1	30	43	23	34	2	252	13	1	7	13	14	21	6203	0	1	11	3	3	2	1	0	200	33	59	31	1	1	0	0	1	10	1	3	0	0	109	0	0	0	1	0	4	2	8	0	1	3	4	5	23	1	14	1	2	0	10	4	119	9	574	986	0	1	64	35	33	2	27
k__Bacteria._.p__Fusobacteria._.c__Fusobacteriia._.o__Fusobacteriales._.f__Fusobacteriaceae._.g__	0	0	0	0	0	0	0	0	0	0	0	0	0	0	0	0	0	0	0	0	0	0	0	0	0	0	0	0	0	0	0	0	0	0	0	0	0	0	0	0	0	0	0	0	0	0	0	0	0	0	0	0	0	0	0	0	0	0	0	0	0	0	0	0	0	0	0	0	0	0	0	0	0	0	0	0	0	0	0	0	0	0	0	0	0	0	0	0	0	0	0	0	0	0	0	0	0	0	0	0	0	0	0	0	0	0	0	0	0	0	1	0	0	0	0	0
k__Bacteria._.p__Fusobacteria._.c__Fusobacteriia._.o__Fusobacteriales._.f__Fusobacteriaceae._.g__Fusobacterium	0	0	0	0	0	0	0	1	5	0	0	0	0	0	0	1	0	0	0	0	0	0	0	0	0	0	0	0	0	0	4	0	0	1	0	0	0	0	3	0	0	26	0	770	0	19	0	0	0	0	0	30	0	33	32	2	2	0	0	0	0	8	9	0	0	0	0	10	0	0	0	0	0	0	0	0	0	0	0	1	0	0	0	0	0	0	0	0	37	12	0	0	0	0	0	0	0	0	0	3099	0	9	461	0	0	88	0	0	0	0	2106	0	99	0	0	0
k__Bacteria._.p__Fusobacteria._.c__Fusobacteriia._.o__Fusobacteriales._.f__Leptotrichiaceae._.g__Leptotrichia	0	0	0	0	0	0	0	0	0	0	0	0	0	0	0	0	0	0	0	0	0	0	0	0	0	0	0	0	0	0	0	0	0	0	0	0	0	0	0	0	0	0	0	0	0	0	0	0	0	0	0	0	0	0	0	0	0	0	0	0	0	0	0	0	0	0	0	0	4	0	0	0	0	0	0	0	0	0	0	0	0	0	0	0	0	0	0	0	0	0	0	0	0	0	0	0	0	0	0	3	0	0	0	0	0	0	0	0	0	0	0	0	0	0	0	0
k__Bacteria._.p__Lentisphaerae._.c__._.o__._.f__._.g__	0	0	0	0	0	0	0	0	0	0	0	0	0	0	0	0	0	0	0	0	0	0	0	0	0	0	0	4	0	0	0	0	0	0	0	0	0	0	0	0	0	0	0	0	0	0	0	0	0	0	0	0	0	0	0	0	0	0	0	0	0	0	0	0	0	0	0	0	0	0	0	0	0	0	0	0	0	0	0	0	0	0	0	0	0	0	0	0	0	0	0	0	0	0	0	0	0	0	0	0	0	0	0	0	0	0	0	0	0	0	0	0	0	0	0	0
k__Bacteria._.p__Lentisphaerae._.c__Lentisphaeria._.o__Victivallales._.f__Victivallaceae._.g__Victivallis	3	1	15	0	0	0	7	0	0	6	0	0	0	0	0	0	20	0	0	0	0	0	1	0	0	5	0	77	0	0	17	0	0	0	3	1	0	0	3	2	0	0	0	0	0	2	0	0	7	57	39	40	20	0	0	2	5	0	19	3	0	0	3	0	3	17	0	82	7	0	0	0	0	0	0	0	13	42	0	0	0	0	0	2	0	0	0	0	51	16	9	0	0	4	0	1	0	0	4	0	0	0	0	0	0	58	0	0	0	0	1	9	5	4	0	0
k__Bacteria._.p__Proteobacteria._.c__._.o__._.f__._.g__	4	2	37	68	1	0	0	1	0	14	0	0	0	0	2	8	17	15	0	2	0	0	115	2	0	1	0	2	0	0	99	0	1	0	24	2	0	2	17	0	0	1	0	0	0	7	1	0	0	10	0	15	148	0	0	0	133	5	40	16	0	1	21	2	7	0	0	0	0	0	0	0	0	0	5	0	10	20	0	0	3	1	1	13	0	0	0	1	4	10	45	0	0	76	0	0	0	1	0	0	0	1	2	0	31	58	0	0	0	0	18	0	38	25	0	0
k__Bacteria._.p__Proteobacteria._.c__Alphaproteobacteria._.o__._.f__._.g__	0	2	23	0	31	0	114	0	1	3	2	2	1	3	2	0	51	0	1	4	1	1	1	2	2	1	1	0	0	0	2	25	7	4	58	6	3	0	2	0	1	26	1	1	2	2	1	0	0	0	2	0	31	1	0	16	0	2	2	4	0	1	0	2	1	54	12	0	2	0	0	0	0	0	0	1	23	31	0	2	0	2	0	2	0	0	8	0	1	6	0	0	3	25	2	1	175	2	0	1	5	2	0	0	3	61	5	2	1	2	3	8	1	1	14	2
k__Bacteria._.p__Proteobacteria._.c__Alphaproteobacteria._.o__Caulobacterales._.f__Caulobacteraceae._.g__Asticcacaulis	0	2	1	2	0	5	3	2	1	2	5	8	0	3	3	0	0	0	2	5	4	1	1	1	2	0	2	0	1	1	3	0	1	7	2	2	1	0	4	0	6	1	2	4	0	0	1	1	0	1	1	0	0	1	0	2	0	0	1	2	2	0	0	2	0	3	1	1	5	0	0	2	2	1	0	3	0	0	0	1	5	0	1	0	6	0	0	0	0	0	1	1	1	1	1	4	0	4	1	4	1	2	1	2	1	1	11	1	1	2	1	9	2	3	22	0
k__Bacteria._.p__Proteobacteria._.c__Alphaproteobacteria._.o__Caulobacterales._.f__Caulobacteraceae._.g__Caulobacter	5	0	7	1	5	1	0	0	4	4	4	0	1	7	3	0	2	0	0	8	4	2	6	4	0	2	0	0	0	2	3	1	0	0	0	0	0	0	0	0	1	0	0	0	0	1	0	3	0	0	0	2	4	4	2	5	2	0	6	0	3	8	2	0	4	9	4	0	5	0	0	4	0	3	0	1	0	0	2	2	0	0	5	1	55	0	0	0	0	1	0	0	1	0	0	0	1	0	3	0	1	0	0	0	0	4	2	0	0	0	0	0	1	0	0	0
k__Bacteria._.p__Proteobacteria._.c__Alphaproteobacteria._.o__Rhizobiales._.f__._.g__	0	0	0	0	0	0	0	0	0	1	0	1	0	0	0	0	0	0	0	1	0	0	0	0	1	0	0	0	0	0	0	0	5	0	0	0	0	0	0	0	0	1	0	0	0	0	0	0	0	0	0	0	0	0	0	0	0	0	0	0	0	0	0	0	0	1	0	0	0	0	0	0	0	0	0	0	0	0	0	0	0	0	0	0	0	0	0	0	0	0	1	0	0	0	0	0	0	0	0	0	0	0	0	0	0	0	0	0	0	0	0	0	0	0	0	0
k__Bacteria._.p__Proteobacteria._.c__Alphaproteobacteria._.o__Rhizobiales._.f__Bradyrhizobiaceae._.g__Bradyrhizobium	0	0	5	0	2	0	1	1	1	0	1	2	2	0	0	0	0	0	0	0	0	1	9	0	1	0	0	2	0	1	0	0	0	0	0	0	0	0	0	0	0	1	13	0	0	0	0	2	0	0	0	0	0	1	0	0	0	0	0	1	1	0	1	0	2	0	0	0	0	0	0	0	0	0	0	0	0	0	0	0	0	0	0	0	0	0	0	0	0	0	0	0	1	0	0	0	0	0	0	0	0	0	0	1	2	1	1	3	0	0	0	1	0	0	1	0
k__Bacteria._.p__Proteobacteria._.c__Alphaproteobacteria._.o__Rhizobiales._.f__Methylobacteriaceae._.g__Methylobacterium	0	0	0	0	0	3	0	0	0	0	0	0	1	0	0	0	0	0	0	2	0	0	0	2	0	1	0	0	0	2	11	0	0	2	0	0	1	0	1	0	2	1	0	1	0	3	1	0	0	0	0	0	0	0	4	2	0	1	1	1	4	8	4	1	3	4	1	0	2	0	0	4	0	0	0	0	2	0	0	0	3	0	0	0	1	0	0	0	0	0	0	0	19	0	0	1	0	0	1	2	0	1	0	0	1	0	0	1	0	3	1	1	0	1	1	0
k__Bacteria._.p__Proteobacteria._.c__Alphaproteobacteria._.o__Rhizobiales._.f__Phyllobacteriaceae._.g__Phyllobacterium	0	0	0	0	0	0	0	0	0	0	0	0	0	0	0	0	0	0	0	0	0	0	0	0	0	0	0	0	0	0	0	0	0	0	0	0	0	0	0	0	0	0	0	0	0	0	0	0	0	0	0	0	0	0	0	0	0	0	1	0	0	0	0	0	0	0	0	0	0	0	0	0	0	0	0	0	0	0	0	0	0	0	0	0	0	0	0	0	0	0	0	0	0	0	0	0	0	0	0	2	0	0	0	0	0	0	0	0	0	0	0	0	0	0	0	0
k__Bacteria._.p__Proteobacteria._.c__Alphaproteobacteria._.o__Rhodobacterales._.f__Rhodobacteraceae._.g__	2	7	12	13	6	17	7	10	12	13	36	51	55	25	22	4	10	1	20	18	23	10	12	8	23	12	10	27	17	17	39	1	19	57	12	29	43	10	22	0	31	26	23	16	11	28	8	17	2	11	3	2	1	11	8	24	2	5	3	23	29	17	15	4	16	6	10	2	15	0	4	8	2	1	0	4	2	3	7	44	8	8	7	11	19	2	6	1	1	14	1	1	19	12	2	13	6	17	7	25	10	13	36	7	14	10	41	19	21	33	18	60	38	23	91	25
k__Bacteria._.p__Proteobacteria._.c__Alphaproteobacteria._.o__Rhodobacterales._.f__Rhodobacteraceae._.g__Paracoccus	109	128	266	263	245	1060	122	387	432	377	1382	1289	514	2334	391	76	182	26	48	1438	992	487	1396	98	1679	408	244	1397	228	868	851	34	523	2931	144	260	707	96	565	9	912	737	1461	1250	449	860	122	352	30	77	56	52	42	63	124	167	22	55	153	1346	238	276	243	42	458	298	183	216	205	9	41	125	284	74	2	56	45	9	46	1274	169	83	230	77	5423	46	84	21	250	151	17	18	307	128	62	172	163	257	295	649	102	331	926	122	282	1312	587	1070	277	2339	480	1844	781	457	2807	981
k__Bacteria._.p__Proteobacteria._.c__Alphaproteobacteria._.o__Rhodospirillales._.f__Rhodospirillaceae._.g__	0	1	19	2	0	0	1	0	0	7	0	0	0	0	0	15	2	0	0	0	0	0	81	0	0	0	0	0	0	0	0	21	0	0	1	45	0	0	15	0	0	6	0	0	1	0	0	0	0	0	9	6	0	0	0	0	2	3	0	8	0	1	0	0	0	2	0	0	0	0	0	0	4	0	0	0	0	0	0	0	0	0	0	0	0	0	0	0	0	12	0	0	0	67	0	0	0	0	0	68	1	0	5	0	0	69	0	0	0	0	27	0	0	0	0	0
k__Bacteria._.p__Proteobacteria._.c__Alphaproteobacteria._.o__Rhodospirillales._.f__Rhodospirillaceae._.g__Insolitispirillum	0	2	5	0	0	0	3	71	0	11	0	0	0	0	0	0	0	0	0	0	0	118	62	0	9	0	0	0	0	0	0	0	0	0	0	2	0	0	44	0	0	0	0	0	0	0	0	0	0	22	58	0	0	0	0	0	0	2	0	31	0	1	42	1	0	0	0	26	0	0	0	0	0	0	0	0	46	4	0	0	11	0	0	0	0	0	9	0	0	2	0	0	0	7	3	0	0	1	0	0	0	0	0	0	0	15	0	0	0	0	8	0	0	0	0	0
k__Bacteria._.p__Proteobacteria._.c__Alphaproteobacteria._.o__Sphingomonadales._.f__Sphingomonadaceae._.g__	0	0	0	0	0	0	0	0	0	0	0	0	0	0	0	0	0	0	0	0	0	0	0	0	0	0	0	0	0	0	0	0	0	0	0	1	0	0	0	0	0	0	0	0	0	0	0	0	0	0	0	0	0	0	1	0	0	0	0	0	0	0	0	0	0	0	0	0	0	0	0	0	0	0	0	0	0	0	0	0	0	0	0	0	0	0	0	0	0	1	0	0	1	0	0	0	0	0	0	0	0	0	0	0	0	0	0	0	0	0	0	0	0	0	0	0
k__Bacteria._.p__Proteobacteria._.c__Alphaproteobacteria._.o__Sphingomonadales._.f__Sphingomonadaceae._.g__Novosphingobium	0	0	0	0	0	0	1	0	0	0	0	2	0	3	0	0	0	0	0	0	0	0	0	0	0	0	0	0	0	0	0	0	4	0	0	0	0	0	0	0	0	0	0	0	0	0	0	0	0	0	0	0	0	0	1	0	0	0	0	0	0	0	0	0	0	0	0	0	0	0	0	0	0	0	0	1	0	0	0	0	0	0	0	0	0	0	0	0	0	0	0	0	0	0	0	0	0	0	0	0	0	0	0	0	0	0	2	0	0	0	0	0	0	0	0	0
k__Bacteria._.p__Proteobacteria._.c__Alphaproteobacteria._.o__Sphingomonadales._.f__Sphingomonadaceae._.g__Sphingobium	0	0	0	0	0	0	0	0	0	0	0	0	0	0	0	0	0	0	0	0	0	0	0	0	0	0	0	0	0	0	0	0	0	0	0	0	0	0	0	0	0	1	0	0	0	0	0	0	0	0	0	0	1	0	0	1	0	0	0	0	0	0	0	0	0	0	0	3	1	0	0	0	0	0	0	0	0	0	0	0	0	0	0	0	0	0	0	0	0	0	1	0	0	0	0	0	0	0	0	0	0	0	0	0	0	0	0	0	0	0	0	0	0	0	0	0
k__Bacteria._.p__Proteobacteria._.c__Alphaproteobacteria._.o__Sphingomonadales._.f__Sphingomonadaceae._.g__Sphingomonas	526	1123	1005	1242	936	2292	375	963	1230	1004	2896	3103	1527	5717	1320	263	488	49	203	3763	2615	1898	4048	297	4619	1175	616	3622	572	2149	1603	113	2143	7845	411	1353	2078	195	1549	24	2092	1494	3747	2478	935	1885	324	1197	89	269	168	294	206	334	389	414	118	183	521	4277	536	794	520	142	1715	881	527	1629	612	41	319	404	1824	556	27	550	434	59	210	3185	495	302	653	269	14043	130	146	135	2015	363	138	151	939	294	613	455	479	674	823	2063	262	919	1995	421	821	3263	2101	2110	671	6816	1105	5237	1925	1429	6602	2091
k__Bacteria._.p__Proteobacteria._.c__Betaproteobacteria._.o__._.f__._.g__	0	0	0	2	0	0	0	0	0	0	0	0	0	0	0	0	0	0	0	0	0	0	0	0	0	0	0	0	0	0	0	0	0	0	0	0	0	0	0	6	0	0	0	5	0	1	3	0	0	0	0	0	19	0	0	0	0	0	0	0	0	0	0	0	0	0	0	0	0	0	0	0	0	0	2	0	0	0	0	0	0	0	0	0	0	0	0	0	0	0	0	0	0	0	0	0	0	0	0	7	0	0	0	0	0	0	0	0	0	0	0	0	7	0	0	0
k__Bacteria._.p__Proteobacteria._.c__Betaproteobacteria._.o__Burkholderiales._.f__._.g__	3	0	23	1	0	0	0	0	0	0	3	0	2	0	0	1	15	0	0	10	0	0	0	0	0	2	0	84	0	0	3	0	0	0	8	0	2	0	0	0	17	0	0	0	0	0	77	0	31	0	44	11	4	0	0	0	6	0	1	0	0	0	80	0	0	21	59	9	0	0	0	0	0	0	29	0	17	0	1	0	1	0	0	0	0	0	0	0	0	1	6	0	2	0	0	0	0	0	0	243	0	0	0	1	0	0	0	0	0	0	1	0	1	0	0	18
k__Bacteria._.p__Proteobacteria._.c__Betaproteobacteria._.o__Burkholderiales._.f__Alcaligenaceae._.g__Alcaligenes	0	0	0	0	0	0	0	0	0	0	0	0	0	0	0	0	0	0	0	1	3	4	4	0	0	0	0	0	0	0	0	0	0	1	0	0	0	0	0	0	0	0	0	0	0	0	0	0	0	0	0	0	0	0	0	0	0	0	0	0	0	0	0	0	0	0	0	1	0	0	0	0	0	0	0	0	0	0	0	0	0	0	0	0	0	0	0	0	0	0	0	0	0	0	0	0	0	0	0	0	0	0	0	0	0	0	0	1	0	0	0	0	0	0	0	1
k__Bacteria._.p__Proteobacteria._.c__Betaproteobacteria._.o__Burkholderiales._.f__Comamonadaceae._.g__	0	0	0	0	0	0	0	0	0	0	0	0	0	0	0	0	0	0	0	2	0	0	1	0	0	0	0	0	0	0	0	0	1	0	0	0	0	0	0	0	1	0	0	0	0	0	0	0	0	0	0	0	0	0	0	0	0	0	0	0	0	0	0	0	0	0	2	0	0	0	0	0	0	0	0	0	0	0	0	0	0	0	0	0	0	0	0	0	0	0	0	0	0	0	0	0	0	0	0	0	0	0	0	0	0	0	0	0	0	0	0	0	0	0	0	0
k__Bacteria._.p__Proteobacteria._.c__Betaproteobacteria._.o__Burkholderiales._.f__Comamonadaceae._.g__Comamonas	0	0	0	0	0	0	1	0	0	0	1	0	1	0	0	0	0	0	0	3	0	0	0	0	1	0	1	3	0	0	3	0	0	0	0	0	1	0	1	0	4	2	1	4	1	0	1	0	0	0	0	0	0	0	0	0	0	0	0	1	0	1	1	0	0	1	0	0	3	0	0	0	0	0	0	0	0	0	0	4	0	0	0	0	8	0	0	0	0	1	0	0	0	0	0	0	1	0	3	0	2	0	0	0	0	1	0	0	0	3	0	0	0	1	2	0
k__Bacteria._.p__Proteobacteria._.c__Betaproteobacteria._.o__Burkholderiales._.f__Comamonadaceae._.g__Polaromonas	0	0	0	0	0	0	0	0	0	0	0	0	0	0	0	0	0	0	0	0	0	0	0	0	0	0	0	0	0	0	0	0	25	0	0	0	0	0	0	0	0	0	0	0	0	0	0	0	0	0	0	0	0	0	0	0	0	0	0	0	0	0	0	0	0	0	0	0	0	0	0	0	0	0	0	0	0	0	0	0	0	0	0	0	0	0	0	0	0	0	0	0	0	0	0	0	0	0	0	0	0	0	0	0	0	0	0	0	0	0	0	0	0	0	0	0
k__Bacteria._.p__Proteobacteria._.c__Betaproteobacteria._.o__Burkholderiales._.f__Oxalobacteraceae._.g__Herbaspirillum	0	1	0	0	0	0	0	0	0	0	0	0	0	0	0	0	0	0	0	0	0	0	0	0	0	0	0	0	0	0	0	0	0	0	0	0	0	0	6	0	0	0	0	0	0	0	0	0	0	0	0	0	0	0	0	0	0	0	0	0	0	0	0	0	0	0	0	0	0	0	0	0	0	0	0	0	0	0	0	0	0	0	0	0	0	0	0	0	0	0	0	0	0	0	0	0	0	0	0	0	0	0	0	0	0	0	0	0	0	0	0	0	0	0	0	0
k__Bacteria._.p__Proteobacteria._.c__Betaproteobacteria._.o__Burkholderiales._.f__Oxalobacteraceae._.g__Oxalobacter	0	17	3	2	22	0	0	0	0	0	0	0	0	0	0	0	1	0	0	0	0	0	0	1	0	0	0	0	1	0	1	0	0	0	0	5	0	0	0	0	0	0	0	0	0	0	0	0	0	1	0	2	7	0	0	0	0	0	4	0	0	2	2	0	1	2	0	4	0	0	0	0	0	0	0	0	0	3	1	0	0	0	0	0	0	0	0	0	0	3	0	0	0	5	3	0	0	1	0	0	0	0	8	0	5	19	0	0	0	0	0	0	1	2	0	0
k__Bacteria._.p__Proteobacteria._.c__Betaproteobacteria._.o__Burkholderiales._.f__Sutterellaceae._.g__	0	0	0	0	0	0	0	0	0	0	0	0	0	0	0	0	0	0	0	49	0	0	0	0	0	1	0	0	0	0	0	0	0	0	4	0	1	0	2	0	0	0	0	0	0	0	0	0	0	0	0	0	1	0	0	0	0	0	0	0	0	0	0	0	0	1	0	0	1	0	0	0	0	0	0	0	0	0	0	0	0	0	0	0	0	0	0	0	0	1	1	0	0	0	0	0	0	0	0	0	0	0	0	1	0	10	0	0	0	0	0	0	152	0	0	0
k__Bacteria._.p__Proteobacteria._.c__Betaproteobacteria._.o__Burkholderiales._.f__Sutterellaceae._.g__Parasutterella	2	69	29	12	55	0	0	157	66	40	0	0	6	0	0	35	0	1	0	4	0	0	1	78	135	145	303	0	2	37	119	302	101	0	283	126	112	0	99	0	0	85	0	5	0	39	0	21	85	29	2	15	224	0	0	46	26	14	76	23	0	1	1	29	16	47	227	0	12	113	0	132	0	0	0	13	46	122	1	0	11	0	0	0	18	217	8	0	0	71	134	28	12	5	0	0	0	1	12	24	0	2	4	47	92	1	11	0	0	0	11	68	10	8	1	0
k__Bacteria._.p__Proteobacteria._.c__Betaproteobacteria._.o__Burkholderiales._.f__Sutterellaceae._.g__Sutterella	115	0	0	0	73	0	26	0	0	6	1	0	12	1	1	34	7	0	0	18	0	216	72	65	0	0	0	0	0	0	0	0	0	0	0	0	0	0	32	0	0	0	0	27	0	7	71	0	0	35	5	18	0	1	96	32	0	0	3	34	0	322	124	2	19	0	0	5	31	0	23	0	0	0	36	0	0	0	4	1	0	0	25	10	0	0	15	0	28	11	0	0	0	71	2	0	0	0	1	1	0	52	0	0	0	29	0	0	1	0	183	0	0	70	1	0
k__Bacteria._.p__Proteobacteria._.c__Betaproteobacteria._.o__Methylophilales._.f__Methylophilaceae._.g__Methylobacillus	0	0	0	0	0	0	0	0	0	0	0	0	0	0	2	0	0	0	0	0	0	0	2	0	0	0	0	0	0	0	0	0	0	0	0	0	0	0	0	0	0	0	0	0	0	0	0	1	0	0	0	0	0	0	0	0	0	0	0	0	0	0	0	0	0	0	0	0	0	0	0	0	3	0	0	0	0	0	0	0	0	1	0	0	3	0	0	0	0	0	0	0	0	0	0	0	0	0	0	0	0	0	0	0	0	0	0	0	0	0	0	0	0	0	0	0
k__Bacteria._.p__Proteobacteria._.c__Betaproteobacteria._.o__Neisseriales._.f__Neisseriaceae._.g__Eikenella	0	0	0	0	0	0	0	0	0	0	0	0	0	0	0	0	0	0	0	0	0	0	0	0	0	0	0	0	1	0	0	0	0	0	0	0	0	0	0	0	0	1	0	0	0	0	0	0	0	0	0	1	0	0	1	0	1	0	0	0	0	0	0	0	0	0	0	10	0	0	0	0	0	0	0	0	0	0	0	0	0	0	0	0	0	0	0	0	0	0	0	0	0	0	0	0	0	0	0	0	0	0	0	0	0	0	0	0	0	0	0	1	0	0	0	0
k__Bacteria._.p__Proteobacteria._.c__Betaproteobacteria._.o__Neisseriales._.f__Neisseriaceae._.g__Neisseria	0	0	0	0	0	0	0	0	1	0	0	0	0	0	0	0	0	0	0	0	0	0	0	0	0	0	0	0	0	0	0	0	0	0	0	0	1	0	0	0	0	0	0	0	0	0	0	0	0	0	1	0	1	0	0	0	0	0	0	0	0	0	0	0	0	0	0	0	0	0	0	0	0	0	0	0	0	0	0	0	0	0	0	0	0	0	1	0	0	0	0	0	0	2	0	0	0	0	0	0	0	0	0	0	0	0	0	2	0	0	0	0	0	0	0	0
k__Bacteria._.p__Proteobacteria._.c__Deltaproteobacteria._.o__._.f__._.g__	0	0	0	0	0	0	0	2	0	1	0	1	0	0	0	1	0	0	0	0	0	0	0	0	1	0	0	0	4	0	0	0	25	0	0	0	0	0	2	0	0	0	0	0	0	0	0	0	0	0	2	0	6	0	0	0	0	1	0	0	0	0	0	1	0	1	0	0	0	0	0	0	0	4	0	0	1	4	0	0	0	0	0	0	0	0	0	0	0	34	3	0	0	2	0	0	0	0	0	0	0	1	0	0	0	3	0	0	0	0	3	0	0	0	0	0
k__Bacteria._.p__Proteobacteria._.c__Deltaproteobacteria._.o__Desulfovibrionales._.f__._.g__	0	2	0	51	0	0	1	41	9	36	4	26	0	32	7	96	0	0	0	70	2	0	1	1	445	120	0	0	79	11	0	197	2393	1	20	9	0	64	117	95	0	196	0	0	0	1	0	0	0	1	148	37	526	0	0	9	0	276	82	6	1	4	1	97	1	307	0	0	3	0	1	0	0	0	0	32	14	180	0	0	9	34	0	0	1	0	0	416	0	1	78	0	0	175	0	1	0	0	2	0	0	142	0	0	0	1	0	0	0	2	0	1	0	1	0	0
k__Bacteria._.p__Proteobacteria._.c__Deltaproteobacteria._.o__Desulfovibrionales._.f__Desulfomicrobiaceae._.g__Desulfomicrobium	2	0	0	4	11	1	1	0	0	1	0	0	3	0	0	25	4	0	0	1	0	0	0	0	0	0	0	0	0	12	3	0	0	0	0	0	0	0	6	0	0	0	0	0	0	7	0	0	0	2	7	28	14	0	0	0	0	0	0	0	0	0	21	0	5	32	0	2	0	0	0	0	0	0	0	0	4	5	0	0	0	0	0	1	0	0	0	0	0	3	0	0	1	0	0	0	0	0	46	0	0	8	6	51	0	12	0	0	0	0	7	14	0	0	0	0
k__Bacteria._.p__Proteobacteria._.c__Deltaproteobacteria._.o__Desulfovibrionales._.f__Desulfovibrionaceae._.g__	0	0	0	0	0	0	0	1	0	0	0	0	0	0	0	0	0	0	0	0	0	0	0	0	0	1	0	4	0	0	0	0	1	0	0	0	0	0	0	0	0	0	0	0	0	0	0	0	0	0	0	0	4	0	0	0	0	1	0	0	0	0	0	2	0	0	0	0	0	0	0	0	0	0	0	0	0	0	0	0	0	0	0	0	0	0	0	0	0	0	0	0	0	3	0	0	0	0	0	0	0	0	0	0	0	0	0	0	0	0	0	0	0	0	0	0
k__Bacteria._.p__Proteobacteria._.c__Deltaproteobacteria._.o__Desulfovibrionales._.f__Desulfovibrionaceae._.g__Bilophila	5	21	34	7	11	16	23	47	0	10	3	0	29	0	3	4	23	9	0	8	2	32	31	12	0	1	0	4	14	91	19	67	31	5	39	79	65	0	100	2	21	19	12	25	107	47	11	0	12	39	11	6	23	1	37	92	41	67	86	5	0	120	50	86	3	28	0	0	2	5	1	17	0	0	0	2	1	22	2	5	8	1	17	4	1	29	6	2	0	13	8	0	16	81	0	2	0	4	66	107	146	1	97	0	0	7	37	7	72	0	11	20	63	0	14	0
k__Bacteria._.p__Proteobacteria._.c__Deltaproteobacteria._.o__Desulfovibrionales._.f__Desulfovibrionaceae._.g__Desulfovibrio	47	88	100	267	3	216	85	0	78	2	0	0	0	0	0	0	73	0	5	0	20	0	0	27	0	0	0	43	63	10	36	0	0	0	0	354	0	0	0	0	0	0	1	38	229	815	31	0	0	0	25	25	9	76	0	0	158	0	4	0	0	410	166	0	60	0	0	34	14	0	0	28	1	3	2	0	0	6	34	0	0	0	0	43	0	0	0	0	15	221	0	0	0	37	1	0	0	0	4	0	306	0	231	0	41	93	0	0	0	0	100	4	15	70	38	0
k__Bacteria._.p__Proteobacteria._.c__Epsilonproteobacteria._.o__Campylobacterales._.f__Campylobacteraceae._.g__Campylobacter	0	0	0	0	0	0	0	0	0	0	0	0	0	0	0	0	0	0	0	0	0	0	0	0	0	0	1	0	0	0	0	0	1	0	0	0	0	0	0	0	0	0	0	0	0	0	0	0	0	0	0	0	0	0	0	0	0	0	0	0	0	0	0	0	0	0	0	0	0	0	0	0	0	0	0	0	0	0	0	0	0	0	0	0	0	0	0	0	0	0	0	0	0	0	0	0	0	0	0	3	0	0	0	0	0	8	0	0	0	0	0	0	0	0	0	0
k__Bacteria._.p__Proteobacteria._.c__Gammaproteobacteria._.o__._.f__._.g__	0	1	0	0	0	0	0	0	0	0	0	0	0	0	0	0	0	0	0	0	0	0	0	0	0	0	0	0	10	0	0	0	0	0	0	21	0	0	0	0	0	0	0	0	0	0	0	0	0	0	1	0	0	4	1	0	1	0	0	0	0	0	0	0	0	0	0	0	0	0	0	0	0	0	0	0	0	0	0	0	0	0	0	0	0	0	0	0	0	0	0	0	0	0	0	0	0	0	2	0	2	0	1	0	0	0	0	0	0	0	0	0	0	0	0	0
k__Bacteria._.p__Proteobacteria._.c__Gammaproteobacteria._.o__Aeromonadales._.f__Aeromonadaceae._.g__Aeromonas	0	0	0	1	0	0	0	0	0	0	0	0	0	0	0	0	0	0	0	0	0	0	0	0	0	0	0	0	0	0	0	0	0	0	0	0	0	0	0	0	0	0	0	0	0	0	0	0	0	0	0	0	0	0	0	0	0	0	0	0	0	0	0	0	0	0	0	0	0	0	0	0	0	0	0	0	0	0	0	0	0	0	0	0	0	0	0	0	0	0	0	0	0	0	0	0	0	0	0	0	0	0	0	0	0	0	1	0	0	0	0	0	0	0	0	0
k__Bacteria._.p__Proteobacteria._.c__Gammaproteobacteria._.o__Aeromonadales._.f__Succinivibrionaceae._.g__Succinatimonas	0	0	0	0	0	0	0	0	0	0	0	0	0	0	0	0	0	0	0	0	0	65	0	0	0	0	0	0	0	0	0	0	0	0	0	0	0	0	0	0	0	0	0	0	0	1	0	0	0	0	0	0	0	0	0	0	0	0	0	0	0	0	0	0	0	0	0	0	0	0	1	0	0	0	0	0	0	0	0	0	0	0	0	0	0	0	0	0	0	0	0	0	0	0	0	0	0	0	0	0	0	0	0	0	0	0	0	0	0	0	0	0	0	0	0	0
k__Bacteria._.p__Proteobacteria._.c__Gammaproteobacteria._.o__Aeromonadales._.f__Succinivibrionaceae._.g__Succinivibrio	0	0	0	0	0	0	0	0	0	0	0	0	0	0	0	0	2033	0	0	1	0	1278	1	0	0	0	0	0	49	0	0	0	0	0	0	0	0	0	0	0	0	0	0	0	0	0	15	0	0	0	1	294	0	0	0	0	0	0	1	0	0	0	10	0	0	0	0	0	0	0	0	0	0	0	1835	0	0	0	0	1	0	0	0	0	0	1	0	0	0	0	0	0	0	0	0	6	0	0	0	1	0	0	0	0	0	5	0	0	0	0	2	0	0	0	0	0
k__Bacteria._.p__Proteobacteria._.c__Gammaproteobacteria._.o__Enterobacteriales._.f__Enterobacteriaceae._.g__	0	0	0	0	1	0	0	0	12	1	0	0	0	0	0	12	0	13	0	0	0	0	0	0	0	0	0	0	14	0	0	0	0	0	0	0	0	0	0	0	0	0	0	3	0	0	0	0	1	2	0	14	0	203	0	0	0	0	3	0	4	0	0	217	0	1	1	0	0	0	0	0	0	0	0	0	0	0	0	0	0	0	0	0	0	0	0	0	0	1	0	0	0	1	0	0	0	45	0	0	83	1	0	0	0	12	0	0	54	0	0	0	0	0	0	0
k__Bacteria._.p__Proteobacteria._.c__Gammaproteobacteria._.o__Enterobacteriales._.f__Enterobacteriaceae._.g__Citrobacter	0	0	0	0	1	0	0	0	2	0	0	0	0	0	1	0	0	62	0	0	0	0	0	0	0	0	0	0	157	0	0	0	0	7	0	2	0	0	0	0	0	64	0	71	4	1	0	0	0	0	0	0	0	0	0	0	0	0	24	0	0	0	0	0	0	0	0	0	0	0	0	0	0	0	0	0	0	0	0	0	0	0	0	0	0	0	0	0	0	1	0	0	0	0	0	0	7	46	1	0	0	0	0	0	0	0	0	0	766	0	0	0	0	0	0	0
k__Bacteria._.p__Proteobacteria._.c__Gammaproteobacteria._.o__Enterobacteriales._.f__Enterobacteriaceae._.g__Enterobacter	0	6	0	14	0	61	0	0	1	0	0	0	0	3	1	0	44	4	0	0	0	1	0	0	0	3	0	0	3	0	0	0	0	55	0	1	0	0	0	0	0	6	0	10	0	0	0	0	0	1	0	17	0	28	9	0	2	0	27	0	32	0	0	93	0	18	0	0	1	0	1	0	0	0	14	0	0	0	40	1	0	0	0	5	0	1	0	0	0	0	0	0	0	0	0	27	0	1824	0	0	7	0	1	0	0	0	0	0	64	0	0	0	0	0	0	0
k__Bacteria._.p__Proteobacteria._.c__Gammaproteobacteria._.o__Enterobacteriales._.f__Enterobacteriaceae._.g__Escherichia/Shigella	127	817	0	700	19	6	0	6	127	125	8	1	25	7	4	3060	282	1056	286	11	8	2	117	0	1	18	0	266	1812	969	119	56	52	0	5	3015	406	0	0	6	1	129	17	231	0	125	2	283	2530	9	4485	1039	73	12652	294	81	521	5	841	2	2	145	167	10	67	2164	0	5	2	10	0	228	0	0	0	1	89	22	12	141	48	3	3	313	38	5	0	16	13	327	1	53	0	474	21	77	11	59	5904	87	2281	61	1003	0	0	14	3198	776	1453	105	2	136	44	6	4923	17
k__Bacteria._.p__Proteobacteria._.c__Gammaproteobacteria._.o__Enterobacteriales._.f__Enterobacteriaceae._.g__Morganella	0	0	0	0	0	0	0	0	0	0	0	0	0	0	0	0	0	0	0	0	0	0	0	0	0	0	0	0	0	0	0	0	0	0	0	0	0	0	0	0	0	0	0	0	0	0	0	0	0	0	0	0	0	0	0	0	56	0	0	0	0	0	0	0	0	0	0	0	0	0	0	0	0	0	0	0	0	0	0	0	0	0	0	0	0	0	0	0	0	0	0	0	0	0	0	0	4	0	0	0	0	0	0	0	0	13	0	0	170	0	0	0	0	0	0	0
k__Bacteria._.p__Proteobacteria._.c__Gammaproteobacteria._.o__Enterobacteriales._.f__Enterobacteriaceae._.g__Obesumbacterium	0	3	6	0	25	0	0	0	334	44	0	0	0	0	5	0	0	0	0	3	0	24	0	1	0	0	0	0	0	0	0	0	0	0	0	0	0	0	0	21	0	0	0	4	1	0	0	0	0	7	1	259	0	1	0	0	0	0	3	0	0	0	18	0	0	0	0	0	0	0	0	0	0	41	10	0	0	1	0	0	7	0	0	0	0	0	0	0	0	4	0	0	0	76	0	2	0	11	0	0	5	48	0	0	0	0	0	0	0	0	0	0	0	1	0	0
k__Bacteria._.p__Proteobacteria._.c__Gammaproteobacteria._.o__Enterobacteriales._.f__Enterobacteriaceae._.g__Pantoea	0	0	0	0	0	0	0	0	0	0	0	0	0	0	0	0	0	0	0	0	0	0	0	0	0	0	0	0	0	0	0	0	12	0	0	0	0	0	0	0	0	0	4	4	0	0	0	0	0	0	0	0	0	0	0	0	0	0	7	0	0	0	0	0	0	0	0	0	0	0	0	0	0	0	0	0	0	0	0	0	0	0	0	0	0	0	0	0	0	3	0	0	0	0	0	0	0	0	0	0	0	0	0	0	0	0	0	0	0	0	0	0	0	0	0	0
k__Bacteria._.p__Proteobacteria._.c__Gammaproteobacteria._.o__Enterobacteriales._.f__Enterobacteriaceae._.g__Proteus	0	0	0	0	0	0	0	0	1	0	0	0	0	0	0	0	0	0	0	0	0	0	0	0	0	0	0	0	0	0	0	0	0	0	0	0	0	0	0	0	0	0	0	0	0	0	0	0	0	0	0	0	0	0	0	0	0	0	0	0	0	0	0	0	0	20	0	0	0	0	0	0	0	0	0	0	0	0	0	0	0	0	0	0	0	0	0	0	0	0	0	0	0	0	0	0	0	0	0	0	0	0	26	0	0	0	0	0	0	0	0	0	0	0	0	0
k__Bacteria._.p__Proteobacteria._.c__Gammaproteobacteria._.o__Enterobacteriales._.f__Enterobacteriaceae._.g__Salmonella	0	0	0	0	0	1	0	0	0	0	0	0	0	0	0	13	0	27	0	0	0	0	0	0	0	0	0	0	0	0	0	0	0	0	0	0	0	0	0	0	0	0	0	0	0	0	0	0	0	0	0	0	0	1105	0	0	0	0	0	1	0	0	0	3694	0	0	0	1	0	0	0	0	0	0	0	0	0	0	0	0	0	0	0	0	0	0	0	1	0	0	0	0	1	0	0	3	3	172	0	0	290	0	0	0	0	0	0	4	17	1	0	0	0	0	0	0
k__Bacteria._.p__Proteobacteria._.c__Gammaproteobacteria._.o__Enterobacteriales._.f__Enterobacteriaceae._.g__Serratia	0	0	2	0	30	0	0	0	180	20	0	0	0	0	0	0	0	0	0	0	0	14	0	0	0	0	0	0	0	0	0	0	1	0	0	0	0	0	0	5	0	0	0	4	0	0	0	0	0	8	0	81	0	0	0	0	0	0	4	0	0	2	0	0	0	0	0	0	0	0	0	0	0	17	15	0	0	0	0	0	0	0	0	0	0	0	0	0	0	0	1	0	0	30	0	0	0	2	0	0	9	9	0	0	0	0	0	0	0	0	0	0	0	0	0	0
k__Bacteria._.p__Proteobacteria._.c__Gammaproteobacteria._.o__Pasteurellales._.f__Pasteurellaceae._.g__	1	1	0	0	0	0	0	0	6	0	0	0	0	0	0	0	0	0	0	0	0	0	0	1	0	0	0	0	0	0	0	0	0	0	0	0	0	0	0	0	0	0	0	0	0	0	0	0	0	2	0	0	0	0	0	0	0	0	0	0	0	0	0	0	0	0	0	0	0	0	0	0	0	0	0	0	0	0	0	0	0	0	0	1	0	0	0	0	0	0	0	0	0	0	0	0	0	0	0	0	0	0	0	0	0	8	0	0	0	0	0	0	0	0	0	0
k__Bacteria._.p__Proteobacteria._.c__Gammaproteobacteria._.o__Pasteurellales._.f__Pasteurellaceae._.g__Actinobacillus	0	0	0	0	0	0	0	0	0	0	0	0	0	0	0	0	0	0	0	0	0	0	12	0	0	0	0	0	0	0	0	0	0	0	0	0	0	0	0	0	0	0	0	0	0	0	0	0	0	0	0	0	0	0	0	0	0	0	0	0	0	0	0	0	0	0	0	0	0	0	0	0	0	0	0	0	0	0	0	0	0	0	0	0	0	0	0	0	0	0	0	0	0	0	0	0	0	0	0	1	0	0	0	0	0	1	0	0	0	0	0	0	0	0	0	0
k__Bacteria._.p__Proteobacteria._.c__Gammaproteobacteria._.o__Pasteurellales._.f__Pasteurellaceae._.g__Aggregatibacter	0	0	0	0	0	0	0	0	0	0	0	0	0	0	0	1	0	0	0	0	0	0	0	0	0	0	0	0	0	0	0	0	0	0	0	0	0	0	0	0	0	0	0	0	0	0	0	0	0	0	0	0	0	0	0	0	0	0	0	0	0	0	0	0	0	0	0	0	0	0	0	0	0	0	0	0	0	0	0	0	0	0	0	0	0	0	0	0	0	0	0	0	0	0	0	0	0	0	0	0	0	0	0	0	0	3	0	0	0	0	0	0	0	0	0	0
k__Bacteria._.p__Proteobacteria._.c__Gammaproteobacteria._.o__Pasteurellales._.f__Pasteurellaceae._.g__Haemophilus	7	22	0	0	0	31	0	0	143	15	0	0	2	0	1	3	0	0	0	0	0	0	49	259	5	17	4	3	6	3	1	0	0	0	5	0	1	0	0	11	0	4	0	7	0	10	4	0	0	21	27	0	2	18	0	1	0	0	5	12	11	6	9	1	4	6	0	0	2	0	5	14	24	0	4	0	3	1	1	0	0	0	0	7	0	10	1	0	0	0	1	0	0	5	0	1	1	15	0	20	0	1	0	1	2	98	0	149	0	0	0	0	14	2	0	30
k__Bacteria._.p__Proteobacteria._.c__Gammaproteobacteria._.o__Pasteurellales._.f__Pasteurellaceae._.g__Mannheimia	0	0	0	0	0	0	0	0	1	0	0	1	0	0	0	0	0	0	0	0	0	0	0	29	0	0	0	5	0	0	0	0	0	0	0	0	0	0	0	0	0	0	0	0	0	0	0	19	0	0	1	0	0	0	0	0	0	0	2	0	0	0	0	0	0	0	0	0	0	0	0	0	0	0	0	0	0	0	0	0	0	0	0	0	0	0	0	0	0	0	0	0	0	0	0	0	0	12	0	0	0	0	0	0	0	0	0	2	0	0	0	0	14	0	1	0
k__Bacteria._.p__Proteobacteria._.c__Gammaproteobacteria._.o__Pasteurellales._.f__Pasteurellaceae._.g__Pasteurella	0	0	0	0	0	0	0	0	0	0	0	0	0	0	0	0	0	0	0	0	0	0	0	0	0	0	0	0	0	0	0	0	0	0	0	0	0	0	0	0	0	0	0	0	0	0	0	0	0	0	0	0	0	0	0	0	0	0	0	0	0	0	0	0	0	0	0	0	0	0	0	0	0	0	0	0	0	0	0	0	0	0	0	0	0	0	0	0	0	1	0	0	0	4	0	0	0	0	0	1	0	0	0	0	0	0	0	0	0	0	0	0	11	0	0	0
k__Bacteria._.p__Proteobacteria._.c__Gammaproteobacteria._.o__Pseudomonadales._.f__Moraxellaceae._.g__Acinetobacter	0	0	0	0	0	0	1	1	2	0	0	0	0	3	0	0	0	0	0	1	0	0	0	0	9	0	0	0	0	4	1	0	3	0	0	0	3	0	5	0	0	13	7	3	0	0	0	1	0	0	0	0	0	0	0	0	0	0	0	0	0	0	0	0	1	4	0	0	2	0	0	0	0	2	0	2	1	0	0	6	2	0	1	1	20	0	0	1	0	0	1	0	1	0	0	0	0	1	4	1	0	0	2	0	0	15	0	5	0	6	0	14	1	2	0	0
k__Bacteria._.p__Proteobacteria._.c__Gammaproteobacteria._.o__Pseudomonadales._.f__Moraxellaceae._.g__Enhydrobacter	0	0	0	0	0	0	0	0	0	0	0	0	0	0	0	0	0	0	0	4	0	0	0	0	0	0	0	0	0	0	0	0	0	0	0	0	0	0	0	0	0	0	0	0	0	0	0	0	0	0	0	0	0	0	0	0	0	0	0	0	0	0	0	0	0	0	0	1	0	0	0	0	0	0	0	0	0	0	0	0	0	0	0	0	0	0	0	0	1	0	0	0	0	0	0	0	0	0	0	0	0	0	45	0	0	0	0	0	0	2	0	1	0	0	0	0
k__Bacteria._.p__Proteobacteria._.c__Gammaproteobacteria._.o__Pseudomonadales._.f__Pseudomonadaceae._.g__Pseudomonas	1	0	1	4	0	0	0	0	3	0	0	0	0	1	1	0	1	0	0	0	2	0	3	0	0	0	0	0	0	0	0	0	0	3	0	0	1	0	0	0	0	0	0	3	0	0	0	1	0	0	30	0	5	0	0	0	0	0	87	0	0	0	0	0	0	19	0	0	0	0	1	0	2	0	0	3	0	0	0	1	0	0	0	0	4	0	0	0	0	0	0	0	0	0	0	0	1	0	0	0	0	0	0	0	0	1	0	0	0	0	0	3	0	2	0	0
k__Bacteria._.p__Spirochaetes._.c__Spirochaetia._.o__Spirochaetales._.f__Spirochaetaceae._.g__Treponema	0	0	0	0	0	0	0	0	0	0	0	0	0	0	0	0	22	0	0	0	0	0	0	0	0	0	0	0	0	0	0	0	0	0	0	0	0	0	0	0	0	0	0	0	0	0	0	0	0	0	0	0	0	0	0	0	0	0	0	0	0	0	0	0	0	0	0	0	0	0	0	0	0	0	0	0	0	0	0	0	0	0	0	0	0	0	0	1	0	0	0	0	0	0	0	0	0	0	0	0	0	0	0	0	0	907	0	0	0	0	0	0	0	0	0	0
k__Bacteria._.p__Synergistetes._.c__Synergistia._.o__Synergistales._.f__Synergistaceae._.g__Cloacibacillus	0	0	0	25	0	0	6	0	0	0	0	0	0	0	0	0	0	0	0	0	0	0	0	0	0	1	0	600	615	0	0	1	0	0	0	794	0	0	0	3	0	0	0	0	0	1	0	0	0	0	35	0	50	0	0	0	0	0	0	0	0	2	1	0	0	1134	0	0	0	0	0	0	0	0	0	0	0	329	25	0	0	0	0	1	0	0	0	0	0	32	0	0	0	0	0	2	0	0	11	0	0	0	0	0	0	0	0	0	0	0	0	0	0	0	0	0
k__Bacteria._.p__Synergistetes._.c__Synergistia._.o__Synergistales._.f__Synergistaceae._.g__Pyramidobacter	0	0	0	2	0	0	0	0	0	0	0	0	0	0	0	0	0	0	0	0	0	0	0	0	0	0	0	0	0	0	0	0	0	0	0	4	0	0	0	0	0	0	0	0	0	0	0	0	0	0	0	0	0	0	0	0	0	0	0	0	5	0	1	0	0	18	0	0	0	0	0	0	0	0	0	0	0	0	0	0	0	0	0	0	0	0	0	0	0	0	0	0	0	0	0	0	0	0	0	0	0	0	0	0	0	0	0	0	0	0	0	0	0	0	0	0
k__Bacteria._.p__Tenericutes._.c__Mollicutes._.o__._.f__._.g__	0	0	0	0	0	0	0	0	0	0	0	0	0	0	0	0	0	0	0	0	0	0	0	0	0	0	0	0	0	0	0	0	0	0	0	0	0	0	0	0	0	0	0	0	0	0	0	0	0	0	0	0	0	0	0	0	0	0	0	0	0	0	0	0	0	0	0	0	0	0	0	0	0	0	0	0	0	9	0	0	0	0	0	0	0	0	0	0	0	1	0	0	0	0	0	0	0	0	0	0	0	0	0	0	0	0	0	0	0	0	0	0	0	0	0	0
k__Bacteria._.p__Verrucomicrobia._.c__Opitutae._.o__Puniceicoccales._.f__Puniceicoccaceae._.g__	0	0	0	0	0	0	0	0	0	0	0	0	0	0	0	0	0	0	0	0	0	0	0	0	0	0	0	0	0	0	0	0	0	0	0	0	0	0	0	0	0	0	0	0	0	0	0	0	0	0	0	0	0	0	0	0	0	0	0	0	0	0	0	0	0	0	0	0	0	0	0	0	0	0	0	0	2	0	0	0	0	0	0	0	0	0	0	0	0	0	0	0	0	0	0	0	0	0	0	0	0	0	0	0	0	0	0	0	0	0	0	0	0	0	0	0
k__Bacteria._.p__Verrucomicrobia._.c__Opitutae._.o__Puniceicoccales._.f__Puniceicoccaceae._.g__Cerasicoccus	0	0	0	0	2	0	0	0	0	2	0	0	0	0	0	3	0	0	0	0	0	0	22	1	0	0	0	17	0	0	0	0	0	0	44	0	0	0	16	5	0	0	0	0	0	0	0	0	0	6	4	5	26	0	0	11	0	1	0	8	0	0	4	0	2	0	0	128	18	0	0	0	0	0	1	0	2	50	1	0	0	0	0	0	0	0	19	0	0	8	0	0	0	0	0	0	0	0	58	0	0	0	0	0	0	2	0	0	0	0	0	0	0	0	0	0
k__Bacteria._.p__Verrucomicrobia._.c__Verrucomicrobiae._.o__Verrucomicrobiales._.f__Verrucomicrobiaceae._.g__Akkermansia	1	151	437	114	0	1	0	35	1	715	0	91	3	49	2	286	0	1	0	4	173	92	30	28	1059	4	5	1096	3198	0	158	105	21	0	21	461	17	425	141	159	199	431	4	351	2	160	5	0	1571	17	232	98	1524	1	0	483	0	449	0	1	2	2	484	395	64	34	1608	0	1007	0	32	0	0	57	0	0	6	3697	248	785	216	5	0	0	1	13	311	4	31	214	99	0	69	2	23	0	5236	2	2027	1	876	0	154	61	0	1	69	0	8100	4321	680	502	117	60	0	0
