#OTU ID	011BFE	012BFE	013BFE	020BFE	027BFE	028BFE	030BFE	038BFE	040BFE	047BFE	049BFE	053BFE	055BFE	060BFE	062BFE	063BFE	064BFE	067BFE	069BFE	070BFE	071BFE	073BFE	075BFE	076BFE	077BFE	078BFE	079BFE	080BFE	082BFE	084BFE	085BFE	086BFE	087BFE	088BFE	089BFE	090BFE	091BFE	092BFE	093BFE	094BFE	096BFE	097BFE	099BFE	100BFE	101BFE	102BFE	103BFE	104BFE	105BFE	107BFE	108BFE	109BFE	110BFE	112BFE	126BFE	128BFE	140BFE	142BFE	144BFE	148BFE	170BFE	176BFE	187BFE	502AFE	503AFE	504AFE	505AFE	508AFE	509AFE
k__Bacteria._.p__._.c__._.o__._.f__._.g__	0	0	0	1	0	1	0	0	1	0	10	10	0	0	0	0	0	1	0	1	0	0	2	0	0	0	3	4	157	0	0	39	5	1	0	1	0	1	7	4	0	2	0	12	0	39	13	21	30	2	0	0	194	0	3	6	0	0	6	0	0	0	5	0	0	0	0	0	0
k__Bacteria._.p__Actinobacteria._.c__Actinobacteria._.o__Bifidobacteriales._.f__Bifidobacteriaceae._.g__Bifidobacterium	3	0	0	0	0	0	0	0	1	0	1	0	0	0	0	0	0	0	2	1	0	0	0	0	0	0	0	0	0	0	0	0	0	0	0	0	5	2	2	0	2	1	0	2	0	0	1	1	2	0	0	0	0	0	0	0	0	0	0	0	0	0	0	0	0	0	0	0	0
k__Bacteria._.p__Actinobacteria._.c__Actinobacteria._.o__Coriobacteriales._.f__Coriobacteriaceae._.g__Gordonibacter	0	0	0	4	0	0	0	0	0	0	0	0	0	0	0	0	0	0	0	0	0	0	0	0	0	0	0	0	0	0	0	0	0	0	0	0	0	0	0	0	0	0	0	0	0	0	0	0	0	0	0	0	0	0	0	0	0	0	0	0	0	0	0	0	0	5	0	0	0
k__Bacteria._.p__Bacteroidetes._.c__._.o__._.f__._.g__	0	0	0	0	0	0	0	0	0	0	0	0	0	0	0	0	0	0	0	0	0	0	0	0	0	0	0	0	10	0	0	12	0	0	0	0	0	0	20	0	0	0	0	0	0	0	0	0	0	0	0	0	0	0	0	0	0	0	0	0	0	0	0	0	0	0	0	0	0
k__Bacteria._.p__Bacteroidetes._.c__Bacteroidia._.o__Bacteroidales._.f__._.g__	0	4	0	0	0	0	0	0	0	0	0	0	0	1	0	0	0	13	0	0	0	0	7	10	0	0	0	0	0	0	0	19	2	61	0	0	0	0	0	0	0	0	0	0	0	0	0	0	0	0	1	0	0	0	1	5	0	0	3	0	0	0	0	0	0	0	0	0	0
k__Bacteria._.p__Bacteroidetes._.c__Bacteroidia._.o__Bacteroidales._.f__Bacteroidaceae._.g__Bacteroides	1548	1529	1395	663	1043	369	1027	1244	81	1886	204	65	1982	14	1767	1612	1738	52	1494	1112	1285	1258	1453	1030	1635	473	1777	1236	461	799	1771	376	181	618	20	1291	1582	1397	491	47	1554	1087	1628	1228	1606	936	500	1126	160	28	233	241	1130	1253	2	12	1879	1476	44	1649	45	1529	1650	1835	1399	1656	1912	1659	1810
k__Bacteria._.p__Bacteroidetes._.c__Bacteroidia._.o__Bacteroidales._.f__Porphyromonadaceae._.g__	0	0	0	0	0	0	0	0	0	0	0	0	0	0	0	0	0	0	0	0	0	0	3	0	0	0	0	0	4	0	0	0	1	0	0	6	0	0	35	0	0	18	0	0	3	7	0	32	0	0	0	0	0	4	0	0	0	0	0	0	0	2	0	0	0	0	0	0	3
k__Bacteria._.p__Bacteroidetes._.c__Bacteroidia._.o__Bacteroidales._.f__Porphyromonadaceae._.g__Barnesiella	0	0	0	0	7	0	0	8	0	0	3	0	0	0	0	0	0	0	0	0	1	0	3	0	0	4	0	28	6	1	0	7	0	0	1	26	0	0	0	1	0	16	0	0	71	112	133	6	9	0	0	33	9	23	0	0	6	0	0	0	0	0	1	0	0	0	0	0	16
k__Bacteria._.p__Bacteroidetes._.c__Bacteroidia._.o__Bacteroidales._.f__Porphyromonadaceae._.g__Butyricimonas	0	0	0	0	0	0	0	0	0	0	0	0	0	0	0	0	0	0	0	0	0	5	0	0	0	1	0	16	0	3	0	2	0	0	0	0	0	0	17	1	0	0	0	1	0	2	3	4	0	0	0	0	0	0	0	0	0	0	0	0	0	0	0	0	2	0	0	0	0
k__Bacteria._.p__Bacteroidetes._.c__Bacteroidia._.o__Bacteroidales._.f__Porphyromonadaceae._.g__Odoribacter	0	2	1	4	0	0	0	15	0	0	9	4	0	0	3	1	0	1	0	6	2	34	4	4	0	1	0	16	36	0	3	19	11	24	4	10	0	9	0	2	0	52	10	32	16	17	22	43	4	0	11	36	21	24	0	0	1	0	1	5	0	7	26	1	0	10	0	0	9
k__Bacteria._.p__Bacteroidetes._.c__Bacteroidia._.o__Bacteroidales._.f__Porphyromonadaceae._.g__Parabacteroides	0	0	3	1	14	10	4	3	10	14	1	4	0	0	45	12	87	6	0	57	14	0	12	0	18	0	0	15	3	4	1	53	0	0	0	0	14	0	5	0	0	0	5	1	1	3	42	37	0	0	0	0	0	12	0	0	0	0	1	29	0	3	6	1	0	8	0	10	4
k__Bacteria._.p__Bacteroidetes._.c__Bacteroidia._.o__Bacteroidales._.f__Prevotellaceae._.g__	0	0	0	0	0	0	0	0	0	0	0	0	0	0	0	0	0	0	0	0	0	0	0	0	0	0	0	0	5	0	0	0	0	0	0	0	0	0	0	0	0	0	0	0	0	0	4	0	0	0	0	0	0	0	0	37	0	0	33	0	0	0	7	0	0	0	0	0	0
k__Bacteria._.p__Bacteroidetes._.c__Bacteroidia._.o__Bacteroidales._.f__Prevotellaceae._.g__Alloprevotella	0	0	0	0	0	0	0	0	47	0	0	148	0	98	0	0	0	0	0	0	0	0	0	0	0	0	0	0	112	0	0	0	200	0	0	0	0	0	0	97	0	0	0	0	1	0	66	0	0	83	0	31	0	0	58	61	0	0	47	0	0	0	0	0	0	0	0	0	0
k__Bacteria._.p__Bacteroidetes._.c__Bacteroidia._.o__Bacteroidales._.f__Prevotellaceae._.g__Paraprevotella	0	59	0	0	0	2	0	0	7	0	2	2	0	0	0	14	0	0	0	0	0	100	0	0	0	0	0	32	0	0	0	0	71	0	0	0	15	55	6	0	0	34	0	0	0	0	58	2	0	0	18	16	0	35	0	0	0	0	39	0	0	0	0	0	0	0	0	0	0
k__Bacteria._.p__Bacteroidetes._.c__Bacteroidia._.o__Bacteroidales._.f__Prevotellaceae._.g__Prevotella	0	0	0	0	339	469	865	0	884	0	1294	1473	0	966	0	0	0	673	0	0	0	0	0	28	0	563	0	0	339	0	4	846	645	644	1768	0	0	0	1042	1217	0	0	0	0	1	55	369	8	1484	1678	897	1066	1	1	1650	1644	0	442	1258	0	1667	1	0	0	0	0	0	0	0
k__Bacteria._.p__Bacteroidetes._.c__Bacteroidia._.o__Bacteroidales._.f__Prevotellaceae._.g__Xylanibacter	0	0	0	0	0	0	0	0	200	0	0	0	0	38	0	0	0	0	0	0	0	0	0	0	0	0	0	0	0	0	0	83	0	0	0	0	0	0	0	337	0	0	0	0	0	0	0	0	0	15	0	0	0	0	14	0	0	0	0	0	23	0	0	0	0	0	0	0	0
k__Bacteria._.p__Bacteroidetes._.c__Bacteroidia._.o__Bacteroidales._.f__Rikenellaceae._.g__Alistipes	0	0	0	1	0	0	0	1	0	0	2	0	0	0	0	0	0	0	0	0	1	4	1	4	2	1	20	32	3	6	4	0	1	0	0	14	8	6	2	0	0	8	4	14	0	21	0	24	0	0	0	5	3	11	0	0	0	0	0	0	0	2	5	0	7	4	8	7	4
k__Bacteria._.p__Bacteroidetes._.c__Cytophagia._.o__Cytophagales._.f__._.g__	0	0	0	0	0	0	0	0	0	0	0	0	0	0	0	0	0	0	0	0	0	0	0	0	0	0	0	0	0	0	0	0	0	0	0	0	0	0	0	0	0	0	0	0	0	0	0	7	0	0	0	0	0	0	0	0	0	0	0	0	0	0	0	0	0	0	0	0	0
k__Bacteria._.p__Firmicutes._.c__._.o__._.f__._.g__	1	0	0	27	0	5	0	0	1	0	0	3	0	0	1	0	0	0	0	3	0	0	0	0	0	1	0	1	9	9	0	12	2	0	0	5	0	0	7	0	0	0	0	24	2	72	48	0	34	4	2	2	1	2	0	2	0	0	0	0	0	0	5	2	0	2	0	1	1
k__Bacteria._.p__Firmicutes._.c__Bacilli._.o__._.f__._.g__	0	0	0	0	0	62	0	0	0	0	0	0	0	0	0	0	0	0	0	0	0	0	0	0	0	0	0	0	0	0	0	5	0	0	0	0	0	0	0	0	0	0	0	0	0	0	0	0	0	0	0	0	0	0	0	0	0	0	0	0	0	0	0	0	0	0	0	0	0
k__Bacteria._.p__Firmicutes._.c__Bacilli._.o__Lactobacillales._.f__Carnobacteriaceae._.g__Granulicatella	0	0	0	0	0	0	0	0	0	0	0	0	0	0	0	0	0	1	0	0	0	0	0	1	0	0	0	0	0	0	0	0	1	0	0	0	0	0	0	0	0	1	0	0	0	0	0	0	0	0	0	0	0	0	0	0	0	0	0	0	1	0	0	0	0	0	0	0	0
k__Bacteria._.p__Firmicutes._.c__Bacilli._.o__Lactobacillales._.f__Lactobacillaceae._.g__Lactobacillus	0	0	0	0	0	0	0	0	11	0	0	0	0	5	0	0	0	0	0	0	0	0	0	1	0	0	0	3	0	0	0	3	15	0	4	0	0	0	0	0	87	46	0	0	0	0	0	9	2	0	1	21	0	0	0	0	0	12	0	0	0	0	0	0	0	0	0	0	0
k__Bacteria._.p__Firmicutes._.c__Bacilli._.o__Lactobacillales._.f__Streptococcaceae._.g__Streptococcus	0	1	0	6	4	2	0	1	114	0	0	0	0	1	0	0	1	5	2	0	0	4	1	2	2	0	11	62	0	1	0	7	0	1	9	2	0	0	0	0	2	8	0	0	0	1	0	18	0	1	6	29	4	0	0	0	1	15	6	0	20	0	0	0	1	0	0	0	0
k__Bacteria._.p__Firmicutes._.c__Clostridia._.o__Clostridiales._.f__._.g__	0	0	2	49	0	19	0	7	3	0	1	46	0	0	0	0	0	2	0	14	0	9	5	0	0	7	1	20	58	11	0	21	7	4	0	135	18	2	0	0	0	21	0	63	0	50	7	42	7	7	11	2	17	26	2	26	1	0	0	0	3	3	2	4	0	1	0	0	4
k__Bacteria._.p__Firmicutes._.c__Clostridia._.o__Clostridiales._.f__Clostridiaceae_1._.g__Clostridium_sensu_stricto	0	0	0	2	1	0	2	0	4	0	0	1	0	2	0	2	0	0	0	5	0	0	0	2	0	0	0	0	18	0	0	2	0	4	2	0	0	0	0	0	1	1	0	4	4	1	2	0	1	13	1	3	12	0	8	12	1	0	0	2	6	0	58	0	0	0	0	0	0
k__Bacteria._.p__Firmicutes._.c__Clostridia._.o__Clostridiales._.f__Clostridiales_Incertae_Sedis_XIII._.g__	0	0	0	0	0	2	0	0	0	0	0	0	0	0	0	0	0	4	0	2	0	0	0	0	0	0	0	0	2	0	0	2	0	0	0	2	0	0	0	1	0	0	0	0	0	0	1	0	0	0	0	0	0	0	0	0	0	0	0	0	0	0	0	0	0	0	0	0	0
k__Bacteria._.p__Firmicutes._.c__Clostridia._.o__Clostridiales._.f__Clostridiales_Incertae_Sedis_XIII._.g__Anaerovorax	0	0	0	1	1	0	0	0	0	0	1	0	0	0	0	0	0	0	0	0	0	0	0	0	0	0	0	1	0	0	0	0	2	1	0	0	0	1	0	0	0	0	0	0	0	1	0	0	0	0	0	0	0	1	0	0	0	0	0	0	0	0	0	0	0	2	0	0	0
k__Bacteria._.p__Firmicutes._.c__Clostridia._.o__Clostridiales._.f__Clostridiales_Incertae_Sedis_XIII._.g__Mogibacterium	0	0	0	4	0	1	0	0	0	0	0	5	0	0	0	0	0	0	0	2	0	0	0	0	0	0	0	0	2	0	0	0	0	0	0	0	0	0	0	0	0	0	0	0	0	0	0	3	0	0	0	3	0	0	0	0	0	0	0	0	0	0	0	0	0	0	0	0	0
k__Bacteria._.p__Firmicutes._.c__Clostridia._.o__Clostridiales._.f__Lachnospiraceae._.g__	64	37	61	150	74	142	15	23	6	12	16	36	1	47	25	45	27	44	32	80	24	74	82	36	35	53	24	41	19	70	3	20	100	39	15	85	10	156	17	14	34	61	30	86	82	26	68	49	20	20	67	13	22	34	25	13	10	10	172	36	9	8	15	13	25	7	9	13	22
k__Bacteria._.p__Firmicutes._.c__Clostridia._.o__Clostridiales._.f__Lachnospiraceae._.g__Anaerostipes	0	0	0	0	0	0	0	0	2	0	1	0	0	0	4	0	0	0	0	0	0	0	0	0	0	0	0	0	0	1	0	0	0	1	0	0	4	0	0	2	0	0	0	0	0	0	0	0	0	0	0	0	0	0	0	0	0	0	0	1	0	1	0	1	0	0	0	0	0
k__Bacteria._.p__Firmicutes._.c__Clostridia._.o__Clostridiales._.f__Lachnospiraceae._.g__Blautia	24	11	49	16	13	21	10	23	14	3	17	10	6	2	15	15	31	12	20	23	29	13	10	54	10	8	6	5	17	25	5	8	22	22	1	37	52	54	8	3	6	20	35	17	23	16	18	27	9	3	12	20	6	3	0	5	5	8	1	7	10	16	34	16	77	18	13	25	17
k__Bacteria._.p__Firmicutes._.c__Clostridia._.o__Clostridiales._.f__Lachnospiraceae._.g__Butyrivibrio	0	0	0	0	0	0	0	11	0	0	0	4	0	0	0	0	0	0	0	1	0	0	0	0	0	0	0	0	1	0	0	1	0	0	0	0	0	0	0	2	0	0	0	0	0	0	2	1	0	0	17	1	0	0	0	0	0	0	0	0	0	0	0	0	0	0	0	0	0
k__Bacteria._.p__Firmicutes._.c__Clostridia._.o__Clostridiales._.f__Lachnospiraceae._.g__Clostridium_XlVa	10	13	10	3	76	18	18	15	7	2	3	7	3	11	3	3	15	11	10	15	21	28	5	27	7	4	2	9	10	12	5	3	3	3	5	11	10	11	13	11	34	15	8	13	5	5	4	3	5	2	17	10	6	3	0	1	5	1	7	9	2	3	4	7	63	2	6	9	1
k__Bacteria._.p__Firmicutes._.c__Clostridia._.o__Clostridiales._.f__Lachnospiraceae._.g__Clostridium_XlVb	0	5	13	7	19	11	0	0	6	1	2	2	0	0	8	1	0	2	0	1	5	1	1	0	6	2	0	0	2	11	0	0	1	1	0	3	0	2	4	1	0	1	0	0	1	0	4	4	4	0	2	1	1	3	1	0	0	0	3	0	1	0	4	1	12	3	3	9	0
k__Bacteria._.p__Firmicutes._.c__Clostridia._.o__Clostridiales._.f__Lachnospiraceae._.g__Coprococcus	19	4	0	2	3	81	1	0	3	0	39	4	1	1	3	4	0	2	4	52	4	0	2	4	0	3	0	5	4	3	0	9	32	5	10	5	8	7	1	2	0	6	4	65	0	13	26	2	1	8	14	23	31	4	1	1	1	0	6	0	4	0	2	4	15	0	0	0	3
k__Bacteria._.p__Firmicutes._.c__Clostridia._.o__Clostridiales._.f__Lachnospiraceae._.g__Dorea	13	2	10	8	8	13	3	1	22	3	12	5	0	8	5	11	13	9	0	1	9	0	9	11	6	2	1	2	12	8	3	9	11	17	0	7	18	9	1	2	3	4	2	0	8	5	11	8	0	2	4	6	5	0	0	2	0	2	1	0	3	0	1	2	0	0	0	1	2
k__Bacteria._.p__Firmicutes._.c__Clostridia._.o__Clostridiales._.f__Lachnospiraceae._.g__Howardella	0	0	0	3	0	3	0	0	0	0	1	0	0	0	0	0	0	0	0	0	1	0	0	0	0	0	0	0	0	0	0	0	0	0	1	0	0	0	0	0	0	0	0	0	0	0	1	0	0	0	1	0	0	0	0	0	0	0	1	0	0	0	0	0	0	0	0	0	0
k__Bacteria._.p__Firmicutes._.c__Clostridia._.o__Clostridiales._.f__Lachnospiraceae._.g__Lachnospira	0	0	0	0	0	0	0	0	0	0	8	0	0	0	0	0	0	0	0	0	0	0	0	0	0	0	0	0	0	0	0	0	0	0	0	1	0	0	0	0	0	0	0	0	1	0	0	0	0	0	0	0	0	0	0	0	0	0	0	7	1	0	0	0	0	0	0	0	0
k__Bacteria._.p__Firmicutes._.c__Clostridia._.o__Clostridiales._.f__Lachnospiraceae._.g__Lachnospiracea_incertae_sedis	83	223	166	283	85	208	14	540	110	11	293	48	1	124	98	63	47	39	218	155	153	283	194	219	113	42	65	84	211	331	2	19	83	200	41	82	70	77	123	181	33	250	92	197	76	94	172	129	109	32	104	127	183	397	162	87	4	19	236	61	69	151	48	31	68	13	9	80	63
k__Bacteria._.p__Firmicutes._.c__Clostridia._.o__Clostridiales._.f__Lachnospiraceae._.g__Oribacterium	1	0	0	1	0	0	0	0	0	0	0	0	0	0	0	0	0	0	0	0	0	0	0	0	1	0	0	0	1	3	0	0	0	0	0	0	0	0	0	0	0	0	0	1	1	0	0	1	0	0	1	1	0	0	1	0	0	1	0	1	0	0	1	0	0	0	0	2	0
k__Bacteria._.p__Firmicutes._.c__Clostridia._.o__Clostridiales._.f__Lachnospiraceae._.g__Roseburia	5	47	3	15	44	44	15	12	26	23	9	21	9	16	25	7	7	66	5	20	13	62	10	30	35	10	25	4	29	69	1	30	10	34	12	10	94	26	15	9	18	36	32	16	28	3	18	4	44	9	10	14	162	36	2	6	54	0	2	33	26	6	19	3	95	2	3	8	8
k__Bacteria._.p__Firmicutes._.c__Clostridia._.o__Clostridiales._.f__Lachnospiraceae._.g__Ruminococcus2	3	5	32	12	4	12	1	5	5	0	3	8	0	3	5	9	7	10	13	9	2	10	12	68	3	7	2	1	7	19	2	2	5	10	1	13	0	1	1	2	1	9	0	12	9	32	10	7	1	3	9	2	7	5	2	0	6	3	0	0	4	0	1	11	26	10	6	2	3
k__Bacteria._.p__Firmicutes._.c__Clostridia._.o__Clostridiales._.f__Peptococcaceae_1._.g__Peptococcus	0	0	0	2	0	0	0	0	0	0	0	0	0	0	0	0	0	0	0	0	0	0	0	0	0	0	0	0	0	1	0	0	5	1	0	2	0	0	0	0	0	0	0	12	0	0	0	0	0	0	1	0	0	6	0	1	0	0	0	0	1	0	0	0	0	0	0	0	4
k__Bacteria._.p__Firmicutes._.c__Clostridia._.o__Clostridiales._.f__Peptostreptococcaceae._.g__Clostridium_XI	1	2	0	3	0	2	24	0	5	1	0	11	1	2	0	2	1	5	8	98	0	3	0	1	5	1	3	2	11	20	1	25	0	20	11	1	9	3	6	5	10	4	0	44	11	2	0	1	4	9	9	2	65	3	4	5	5	1	0	0	18	3	2	0	1	0	1	7	0
k__Bacteria._.p__Firmicutes._.c__Clostridia._.o__Clostridiales._.f__Ruminococcaceae._.g__	16	16	1	87	1	16	1	38	19	1	2	26	0	42	2	0	0	69	0	26	83	19	51	16	6	2	5	80	98	32	2	190	53	17	36	83	1	1	7	0	0	47	0	42	3	114	164	55	10	18	72	77	21	58	0	26	0	0	25	0	3	6	6	5	21	8	2	75	10
k__Bacteria._.p__Firmicutes._.c__Clostridia._.o__Clostridiales._.f__Ruminococcaceae._.g__Acetanaerobacterium	0	0	3	0	0	0	0	0	0	0	0	0	0	0	1	0	0	0	0	0	0	0	0	0	0	0	0	0	0	0	0	0	0	0	0	0	0	0	0	0	0	0	0	0	0	0	0	0	0	0	0	0	0	0	0	0	0	0	0	0	0	0	2	0	0	0	0	0	0
k__Bacteria._.p__Firmicutes._.c__Clostridia._.o__Clostridiales._.f__Ruminococcaceae._.g__Anaerotruncus	0	0	0	0	0	5	0	0	0	0	34	0	0	2	0	0	0	686	0	0	0	0	2	6	0	611	0	0	48	0	0	37	8	59	1	7	0	0	0	0	0	0	0	1	0	60	0	73	8	4	0	0	0	0	0	1	0	0	22	0	1	0	0	0	0	0	0	0	0
k__Bacteria._.p__Firmicutes._.c__Clostridia._.o__Clostridiales._.f__Ruminococcaceae._.g__Butyricicoccus	0	0	0	1	0	0	0	0	0	0	0	0	0	0	0	0	0	1	0	0	0	0	0	0	0	1	0	0	0	0	0	0	0	1	1	1	0	0	1	0	0	1	0	0	1	0	0	0	0	0	1	1	0	0	0	0	0	0	0	0	0	0	0	0	0	0	0	0	0
k__Bacteria._.p__Firmicutes._.c__Clostridia._.o__Clostridiales._.f__Ruminococcaceae._.g__Clostridium_IV	3	0	1	1	0	1	0	0	0	0	0	0	0	0	0	0	0	0	3	3	1	0	0	3	1	0	0	2	3	0	0	1	1	0	0	5	0	1	1	0	0	10	0	2	5	2	2	11	2	2	0	0	0	3	0	0	0	0	0	0	4	0	0	0	0	17	0	0	0
k__Bacteria._.p__Firmicutes._.c__Clostridia._.o__Clostridiales._.f__Ruminococcaceae._.g__Faecalibacterium	88	5	6	132	36	102	15	14	11	14	15	6	0	9	1	10	6	67	28	54	116	19	58	26	28	150	35	31	71	66	1	46	52	100	27	49	0	103	15	13	0	89	18	32	29	16	33	24	18	19	59	42	34	5	13	10	13	6	18	0	12	29	40	1	0	0	0	9	10
k__Bacteria._.p__Firmicutes._.c__Clostridia._.o__Clostridiales._.f__Ruminococcaceae._.g__Flavonifractor	5	0	5	1	0	2	0	0	0	0	0	1	0	0	2	1	1	0	0	1	2	2	0	3	2	0	6	0	1	4	0	0	1	2	0	0	5	1	0	0	1	0	1	0	2	2	1	0	0	0	0	4	0	0	0	0	0	2	0	1	0	0	2	2	11	2	1	3	0
k__Bacteria._.p__Firmicutes._.c__Clostridia._.o__Clostridiales._.f__Ruminococcaceae._.g__Oscillibacter	4	1	1	79	10	81	0	32	3	0	14	9	1	1	0	0	1	99	1	99	21	21	28	6	26	14	11	40	130	26	1	50	43	39	4	60	0	0	20	6	1	22	1	51	0	16	22	161	7	9	51	96	15	32	3	7	6	0	35	0	4	4	4	18	6	16	4	16	2
k__Bacteria._.p__Firmicutes._.c__Clostridia._.o__Clostridiales._.f__Ruminococcaceae._.g__Pseudoflavonifractor	1	0	0	7	1	1	0	0	0	1	0	0	0	1	1	0	0	0	0	0	0	1	0	1	0	0	1	1	0	8	0	1	0	0	0	1	1	0	0	0	0	0	0	0	0	0	1	0	0	0	0	0	0	0	1	1	1	0	0	0	0	0	0	4	1	11	1	1	2
k__Bacteria._.p__Firmicutes._.c__Clostridia._.o__Clostridiales._.f__Ruminococcaceae._.g__Ruminococcus	0	19	0	54	0	21	0	3	25	0	8	15	0	0	0	101	0	4	6	45	93	26	5	1	0	8	4	105	18	361	0	1	8	16	1	3	12	4	11	6	0	5	7	20	0	18	7	17	8	10	42	39	24	6	1	3	0	0	25	0	7	23	5	8	0	0	0	0	10
k__Bacteria._.p__Firmicutes._.c__Clostridia._.o__Clostridiales._.f__Ruminococcaceae._.g__Subdoligranulum	1	0	0	7	3	6	0	2	0	0	0	0	0	0	0	1	0	1	0	41	2	5	0	7	0	0	5	88	2	16	1	4	6	9	1	23	32	3	0	0	0	8	2	11	4	7	1	1	0	1	2	3	5	0	0	0	0	0	1	0	2	0	3	19	0	0	0	0	0
k__Bacteria._.p__Firmicutes._.c__Erysipelotrichia._.o__Erysipelotrichales._.f__Erysipelotrichaceae._.g__	62	0	0	21	2	11	0	0	0	0	0	0	0	0	0	37	0	0	0	12	0	0	19	27	27	14	0	16	0	4	0	0	10	13	0	32	0	0	0	2	0	1	3	5	12	5	0	0	0	0	1	0	5	7	0	0	1	2	0	0	9	0	4	0	0	0	0	0	2
k__Bacteria._.p__Firmicutes._.c__Erysipelotrichia._.o__Erysipelotrichales._.f__Erysipelotrichaceae._.g__Catenibacterium	0	0	2	0	11	0	0	0	9	0	2	2	0	0	0	0	0	0	0	0	0	0	0	0	0	0	0	0	18	0	0	12	0	0	2	0	0	0	0	32	163	15	0	0	0	0	16	0	0	4	9	21	9	0	0	19	0	0	3	0	0	0	0	0	0	0	0	0	0
k__Bacteria._.p__Firmicutes._.c__Erysipelotrichia._.o__Erysipelotrichales._.f__Erysipelotrichaceae._.g__Clostridium_XVIII	7	4	5	1	0	0	1	4	0	1	0	0	0	1	1	1	0	2	3	5	0	12	3	0	1	1	0	5	0	2	0	0	0	0	0	1	6	8	0	0	0	3	0	2	9	0	0	0	0	0	0	0	2	0	0	0	1	0	0	0	0	7	0	0	2	0	0	0	0
k__Bacteria._.p__Firmicutes._.c__Erysipelotrichia._.o__Erysipelotrichales._.f__Erysipelotrichaceae._.g__Coprobacillus	0	0	0	0	0	0	0	0	0	0	0	0	0	0	3	0	0	0	0	1	0	2	0	0	0	0	0	4	0	0	0	0	0	1	0	1	3	0	0	0	0	0	0	0	0	0	0	1	0	1	0	0	0	0	0	0	0	0	0	0	0	0	0	0	0	1	1	2	0
k__Bacteria._.p__Firmicutes._.c__Erysipelotrichia._.o__Erysipelotrichales._.f__Erysipelotrichaceae._.g__Erysipelotrichaceae_incertae_sedis	0	27	31	3	46	168	0	16	8	4	0	29	0	4	1	29	0	0	0	53	1	0	0	232	0	0	0	1	2	0	5	4	91	25	0	0	2	18	0	0	0	109	13	0	0	198	60	31	11	18	17	1	0	0	3	5	0	0	0	0	26	0	0	0	2	99	9	1	1
k__Bacteria._.p__Firmicutes._.c__Erysipelotrichia._.o__Erysipelotrichales._.f__Erysipelotrichaceae._.g__Holdemania	0	0	3	1	0	0	0	0	0	0	0	0	0	0	1	0	0	0	0	0	0	1	0	0	1	0	0	0	0	0	2	1	0	0	0	0	0	1	0	0	0	0	0	0	0	0	0	1	0	0	0	0	0	0	0	0	1	0	0	0	0	0	0	0	0	1	0	0	0
k__Bacteria._.p__Firmicutes._.c__Erysipelotrichia._.o__Erysipelotrichales._.f__Erysipelotrichaceae._.g__Turicibacter	0	0	0	1	0	1	0	0	0	0	0	0	0	0	0	0	0	0	0	3	0	0	0	2	0	0	0	0	0	0	0	0	0	1	0	0	0	0	0	0	0	0	0	3	3	0	0	0	0	0	0	0	3	0	0	1	0	0	0	2	0	0	0	0	0	0	0	4	1
k__Bacteria._.p__Firmicutes._.c__Negativicutes._.o__Selenomonadales._.f__Acidaminococcaceae._.g__	0	0	0	0	39	54	2	5	0	0	0	0	0	0	0	0	0	0	0	7	0	0	0	11	0	0	0	0	1	0	0	1	0	0	0	0	0	0	0	24	0	4	0	0	0	0	0	5	9	0	0	4	3	0	5	6	8	0	0	0	0	0	0	0	0	0	0	0	0
k__Bacteria._.p__Firmicutes._.c__Negativicutes._.o__Selenomonadales._.f__Acidaminococcaceae._.g__Acidaminococcus	0	0	0	0	75	0	0	0	0	0	0	0	0	0	0	0	26	0	0	0	0	0	0	106	0	0	0	0	0	0	35	0	0	0	0	0	0	0	0	0	0	0	45	0	0	1	0	0	0	0	0	0	0	0	0	0	0	0	0	0	0	0	0	0	0	0	0	0	3
k__Bacteria._.p__Firmicutes._.c__Negativicutes._.o__Selenomonadales._.f__Acidaminococcaceae._.g__Phascolarctobacterium	57	0	191	333	0	0	0	1	0	10	0	0	0	0	0	39	0	0	150	0	140	27	38	0	43	28	14	23	2	0	9	0	113	0	0	0	34	30	0	0	0	0	0	2	0	57	0	0	0	0	3	0	1	0	0	0	0	0	0	181	0	0	61	0	168	119	36	80	4
k__Bacteria._.p__Firmicutes._.c__Negativicutes._.o__Selenomonadales._.f__Veillonellaceae._.g__Allisonella	0	0	0	0	0	1	0	0	5	0	0	0	0	0	0	0	1	1	1	0	0	0	0	0	0	0	0	0	0	0	0	1	0	0	0	0	0	0	0	0	0	0	0	0	0	0	0	3	0	0	0	0	0	0	0	0	1	0	0	0	0	0	0	0	0	0	0	0	0
k__Bacteria._.p__Firmicutes._.c__Negativicutes._.o__Selenomonadales._.f__Veillonellaceae._.g__Anaerovibrio	0	0	0	0	0	0	0	0	0	0	0	0	0	0	0	0	0	0	0	0	0	0	0	0	0	0	0	0	0	0	0	0	0	0	0	0	0	0	0	0	0	0	0	0	0	0	0	0	0	0	0	0	0	0	29	0	0	0	0	0	0	0	0	0	0	0	0	0	0
k__Bacteria._.p__Firmicutes._.c__Negativicutes._.o__Selenomonadales._.f__Veillonellaceae._.g__Dialister	0	0	0	0	0	0	0	0	258	5	9	17	18	557	0	0	13	126	14	0	0	0	0	0	0	0	1	0	23	91	1	19	15	4	25	0	0	0	12	0	0	0	21	0	3	2	79	0	0	6	29	0	0	12	14	0	0	7	8	0	18	0	0	17	0	0	0	0	0
k__Bacteria._.p__Firmicutes._.c__Negativicutes._.o__Selenomonadales._.f__Veillonellaceae._.g__Megamonas	0	0	0	0	0	0	0	0	0	0	0	0	0	0	0	0	0	0	0	0	1	0	0	3	0	0	0	0	0	0	154	0	6	0	0	0	0	0	0	0	0	0	0	0	0	3	0	0	0	0	0	0	0	0	0	0	0	0	0	0	0	0	0	0	0	0	0	0	0
k__Bacteria._.p__Firmicutes._.c__Negativicutes._.o__Selenomonadales._.f__Veillonellaceae._.g__Megasphaera	0	0	0	0	0	0	0	0	46	4	0	0	0	0	0	0	0	0	0	0	0	0	0	29	0	0	0	4	0	0	4	0	0	1	2	0	0	0	0	0	0	0	7	0	0	0	0	0	0	1	0	14	0	0	0	0	0	0	0	0	0	0	0	16	0	0	0	0	0
k__Bacteria._.p__Firmicutes._.c__Negativicutes._.o__Selenomonadales._.f__Veillonellaceae._.g__Mitsuokella	0	0	0	0	0	49	0	0	56	0	0	0	0	0	0	0	0	0	0	0	0	0	0	0	0	0	0	0	0	0	0	4	0	0	0	0	0	0	0	0	0	0	0	0	0	0	13	0	14	3	0	0	0	0	0	0	0	0	0	0	9	0	0	0	0	0	0	0	0
k__Bacteria._.p__Firmicutes._.c__Negativicutes._.o__Selenomonadales._.f__Veillonellaceae._.g__Veillonella	0	8	0	3	0	4	0	0	5	0	0	0	0	1	1	0	0	7	8	1	0	1	2	0	6	0	0	2	0	2	0	5	0	1	5	0	3	5	0	0	1	0	0	0	0	0	0	0	0	0	3	8	1	0	0	0	1	13	1	0	12	0	0	0	0	0	0	0	0
k__Bacteria._.p__Fusobacteria._.c__Fusobacteriia._.o__Fusobacteriales._.f__Fusobacteriaceae._.g__Clostridium_XIX	0	0	0	0	0	0	0	0	0	28	0	0	0	0	0	0	0	0	0	0	0	0	0	0	0	0	0	0	0	0	0	0	0	0	0	0	0	0	0	0	0	0	0	0	0	0	0	0	0	0	0	0	0	0	0	0	0	0	0	0	0	0	0	0	0	0	0	0	0
k__Bacteria._.p__Lentisphaerae._.c__Lentisphaeria._.o__Victivallales._.f__Victivallaceae._.g__Victivallis	0	0	0	0	0	0	0	0	0	0	0	0	0	0	0	0	0	0	0	0	0	0	2	0	0	0	0	0	2	0	0	0	0	0	0	0	0	0	0	0	0	0	0	0	0	0	0	0	0	0	0	0	0	0	0	0	0	0	0	0	0	0	0	0	0	0	0	0	0
k__Bacteria._.p__Proteobacteria._.c__._.o__._.f__._.g__	0	0	0	0	0	0	0	0	0	0	0	0	0	0	0	0	0	0	0	0	0	0	0	0	0	0	0	0	0	0	0	0	1	0	0	0	0	0	0	0	0	0	0	0	0	0	0	0	0	0	0	0	0	5	0	0	0	0	0	0	0	0	0	0	0	0	0	0	0
k__Bacteria._.p__Proteobacteria._.c__Alphaproteobacteria._.o__._.f__._.g__	0	0	0	0	0	0	0	0	0	0	0	0	0	0	0	0	0	0	0	0	0	0	0	0	0	0	0	0	0	0	0	0	0	0	0	0	0	0	0	0	0	0	0	0	0	0	0	0	0	0	0	0	3	10	0	0	0	0	0	0	0	219	0	0	0	6	0	0	0
k__Bacteria._.p__Proteobacteria._.c__Betaproteobacteria._.o__._.f__._.g__	0	0	0	0	0	0	0	0	0	0	6	0	0	0	3	0	0	0	0	2	0	0	0	0	0	0	0	0	0	0	4	0	18	0	0	7	0	0	132	0	0	0	0	0	0	0	2	0	5	2	0	1	0	0	3	0	0	0	6	0	0	0	0	0	0	0	0	0	5
k__Bacteria._.p__Proteobacteria._.c__Betaproteobacteria._.o__Burkholderiales._.f__._.g__	0	0	0	0	0	0	0	0	0	0	0	0	0	0	0	0	0	0	0	0	0	0	0	0	0	0	0	0	20	2	0	0	0	2	0	0	0	0	0	0	0	0	0	0	0	0	0	3	0	0	18	0	12	0	0	19	0	0	13	0	0	0	0	0	0	0	0	0	0
k__Bacteria._.p__Proteobacteria._.c__Betaproteobacteria._.o__Burkholderiales._.f__Sutterellaceae._.g__Parasutterella	0	0	0	0	9	0	1	0	0	0	0	0	0	0	0	0	2	0	0	0	0	0	0	8	0	0	1	1	0	0	0	0	0	0	0	0	0	0	0	0	70	1	0	6	3	0	0	0	0	0	0	0	0	0	0	0	0	0	0	0	0	0	1	0	0	1	0	0	0
k__Bacteria._.p__Proteobacteria._.c__Betaproteobacteria._.o__Burkholderiales._.f__Sutterellaceae._.g__Sutterella	0	0	0	2	0	0	0	0	0	0	0	1	0	0	0	4	0	0	0	0	0	0	0	0	3	5	0	2	0	0	0	0	3	3	3	0	0	29	0	0	0	7	56	0	0	1	13	0	0	1	0	3	1	0	0	0	11	4	0	0	0	1	0	2	0	0	0	0	0
k__Bacteria._.p__Proteobacteria._.c__Deltaproteobacteria._.o__Desulfovibrionales._.f__Desulfovibrionaceae._.g__	0	0	0	0	0	0	0	0	0	0	0	0	0	0	0	0	0	0	0	0	0	0	0	5	0	0	0	0	0	0	0	0	0	0	0	0	0	0	0	0	0	0	0	3	0	2	0	0	0	0	0	0	0	0	0	0	0	0	0	0	0	0	0	0	0	0	0	0	0
k__Bacteria._.p__Proteobacteria._.c__Deltaproteobacteria._.o__Desulfovibrionales._.f__Desulfovibrionaceae._.g__Desulfovibrio	0	0	30	0	0	0	0	0	9	0	0	0	0	0	0	0	0	0	0	0	0	0	0	0	0	0	0	0	36	0	0	2	0	0	0	0	0	0	0	0	0	0	0	0	0	0	6	0	0	1	0	0	0	0	0	0	0	0	0	0	0	0	0	0	0	0	0	0	0
k__Bacteria._.p__Proteobacteria._.c__Gammaproteobacteria._.o__Aeromonadales._.f__Succinivibrionaceae._.g__Succinivibrio	0	0	0	0	0	0	0	0	0	0	0	0	0	0	0	0	0	0	0	0	0	0	0	0	0	0	0	0	0	0	0	0	178	0	0	0	0	0	0	0	0	0	0	0	0	3	0	0	0	5	259	0	0	0	16	0	0	0	0	0	0	0	0	0	0	0	0	0	0
k__Bacteria._.p__Proteobacteria._.c__Gammaproteobacteria._.o__Enterobacteriales._.f__Enterobacteriaceae._.g__	0	0	0	0	1	0	3	0	0	0	0	0	0	41	0	0	0	3	0	2	0	0	0	0	0	0	0	0	0	2	0	1	1	6	0	2	3	0	0	0	1	0	0	0	0	1	0	4	2	0	1	1	0	0	0	0	0	0	0	0	0	0	0	0	18	0	0	0	0
k__Bacteria._.p__Proteobacteria._.c__Gammaproteobacteria._.o__Enterobacteriales._.f__Enterobacteriaceae._.g__Citrobacter	0	0	0	0	0	0	2	0	0	0	2	0	1	22	0	0	0	0	0	0	0	0	0	0	0	0	0	0	0	0	0	0	0	0	0	0	0	0	0	0	1	0	0	0	0	0	0	0	0	0	0	0	0	0	0	0	1	0	0	0	0	0	0	0	4	0	0	0	0
k__Bacteria._.p__Proteobacteria._.c__Gammaproteobacteria._.o__Enterobacteriales._.f__Enterobacteriaceae._.g__Enterobacter	0	0	0	0	54	0	0	0	0	0	0	0	0	0	0	0	0	0	0	2	0	0	0	0	0	4	0	0	0	1	0	0	0	0	8	0	0	0	0	0	1	0	0	0	0	0	0	0	0	0	0	0	0	0	0	0	0	0	0	0	0	0	0	0	0	0	0	0	0
k__Bacteria._.p__Proteobacteria._.c__Gammaproteobacteria._.o__Enterobacteriales._.f__Enterobacteriaceae._.g__Klebsiella	0	0	0	0	0	0	0	0	0	0	0	0	0	4	0	0	0	0	0	0	0	0	0	0	0	0	0	0	0	0	0	0	0	13	0	0	0	0	0	0	0	0	0	0	0	0	0	3	0	0	0	0	0	0	0	0	0	0	0	0	0	0	0	0	0	0	0	0	0
k__Bacteria._.p__Proteobacteria._.c__Gammaproteobacteria._.o__Pasteurellales._.f__Pasteurellaceae._.g__	0	0	0	0	1	1	0	0	0	0	0	0	0	0	0	0	0	0	0	0	0	0	0	0	0	2	0	0	0	0	0	2	0	0	0	0	0	0	1	0	0	0	0	0	0	0	0	0	0	0	5	1	5	0	0	0	0	0	0	0	1	0	0	0	0	0	0	0	0
k__Bacteria._.p__Proteobacteria._.c__Gammaproteobacteria._.o__Pasteurellales._.f__Pasteurellaceae._.g__Haemophilus	0	0	0	0	0	3	0	0	0	0	0	0	0	0	0	0	0	0	2	0	0	0	0	0	2	1	1	0	0	0	0	8	0	0	3	0	5	1	1	0	0	1	0	0	0	0	0	0	0	0	3	0	0	0	0	0	0	0	0	0	3	0	0	0	0	0	0	0	0
k__Bacteria._.p__Verrucomicrobia._.c__Opitutae._.o__Puniceicoccales._.f__Puniceicoccaceae._.g__Coraliomargarita	0	0	0	0	0	0	0	0	0	0	0	1	0	0	0	0	0	0	0	0	0	0	0	0	0	0	0	0	0	0	0	0	0	0	0	0	0	0	0	0	0	0	0	0	0	0	0	0	0	0	0	0	0	0	0	0	0	0	0	0	0	0	0	0	0	0	0	0	0
k__Bacteria._.p__Verrucomicrobia._.c__Verrucomicrobiae._.o__Verrucomicrobiales._.f__Verrucomicrobiaceae._.g__Akkermansia	5	0	0	22	0	0	0	0	0	0	0	0	0	0	0	0	0	0	0	9	0	0	0	0	0	0	0	0	0	0	0	0	0	0	0	0	0	0	0	0	0	0	0	0	0	3	1	12	0	0	0	0	0	0	0	0	0	0	0	0	0	0	0	0	0	0	0	0	0
